Townland,1841 Male,1841 Female,1841 Inhabited,1841 Uninhabited,1851 Male,1851 Female,1851 Inhabited,1851 Uninhabited,1861 Male,1861 Female,1861 Inhabited,1861 Uninhabited,1871 Male,1871 Female,1871 Inhabited,1871 Uninhabited,1881 Male,1881 Female,1881 Inhabited,1881 Uninhabited,1891 Male,1891 Female,1891 Inhabited,1891 Uninhabited,Townland_Gaelic,Townland_Description,Placename_Theme
BALLINACOR,29.0,26.0,10.0,1.0,34.0,32.0,11.0,,28.0,25.0,10.0,,26.0,21.0,12.0,,43.0,29.0,18.0,3.0,35.0,48.0,18.0,2.0,Baile na Corra Beag,"The Irish form points to baile = settlement or town, beag = small. That suggests the townland was remembered as a settlement, estate, or landholding linked to habitation or to a family name.",Settlement / family association
COOLBOY,59.0,61.0,16.0,1.0,41.0,38.0,13.0,,38.0,28.0,14.0,3.0,22.0,22.0,9.0,2.0,18.0,27.0,8.0,3.0,17.0,16.0,8.0,,An Cúl Buí,The Irish form points to buí = yellow. It is best read as a traditional local place-name preserving how the landscape or community once identified the area.,Landscape or local identity
SLIEVEROE,20.0,24.0,7.0,,19.0,23.0,6.0,1.0,68.0,47.0,13.0,,18.0,12.0,6.0,,11.0,13.0,4.0,,12.0,13.0,4.0,,An Sliabh Rua,"The Irish form points to sliabh = mountain or upland, rua = red. The emphasis is on the shape of the ground itself, so the name probably originated from a prominent hill, pass, ridge, rock, or upland feature.",Topography / landscape
CARRIGROE,10.0,7.0,3.0,,13.0,17.0,3.0,,3.0,8.0,2.0,,8.0,11.0,3.0,,5.0,6.0,3.0,1.0,4.0,3.0,2.0,1.0,Carraig an Chróigh,"The Irish form points to carraig = rock. The emphasis is on the shape of the ground itself, so the name probably originated from a prominent hill, pass, ridge, rock, or upland feature.",Topography / landscape
DRUMMIN,194.0,182.0,56.0,1.0,139.0,114.0,43.0,3.0,105.0,91.0,38.0,4.0,117.0,97.0,39.0,,110.0,94.0,36.0,6.0,91.0,85.0,32.0,7.0,An Dromainn,"The Irish form points to dromainn = ridge or back. The emphasis is on the shape of the ground itself, so the name probably originated from a prominent hill, pass, ridge, rock, or upland feature.",Topography / landscape
LUGDUFF,13.0,11.0,2.0,,9.0,14.0,4.0,,12.0,10.0,3.0,,3.0,5.0,1.0,,4.0,4.0,1.0,,5.0,3.0,1.0,,An Log Dubh,The Irish form preserves an older Gaelic description of the place. It is best read as a traditional local place-name preserving how the landscape or community once identified the area.,Landscape or local identity
BALLARD,43.0,36.0,11.0,,28.0,26.0,8.0,,21.0,16.0,6.0,1.0,23.0,21.0,7.0,,19.0,15.0,8.0,,12.0,11.0,6.0,,An Baile Ard,"The Irish form points to baile = settlement or town, ard = height. That suggests the townland was remembered as a settlement, estate, or landholding linked to habitation or to a family name.",Settlement / family association
BALLARD,72.0,71.0,15.0,,62.0,62.0,15.0,,36.0,40.0,12.0,,41.0,42.0,12.0,1.0,32.0,40.0,11.0,,30.0,31.0,11.0,,An Baile Ard,"The Irish form points to baile = settlement or town, ard = height. That suggests the townland was remembered as a settlement, estate, or landholding linked to habitation or to a family name.",Settlement / family association
MILL LAND,18.0,9.0,5.0,,9.0,4.0,2.0,1.0,6.0,4.0,2.0,1.0,3.0,6.0,3.0,,3.0,2.0,9.0,,1.0,2.0,1.0,,Fearann an Mhuilinn,"The Irish form points to fearann = land or estate. This kind of name usually reflects working land—pasture, enclosed grazing, fields, or another farming use visible in the rural landscape.",Agricultural land use
ARDOYNE,83.0,78.0,32.0,,65.0,76.0,29.0,2.0,36.0,37.0,15.0,,26.0,32.0,13.0,1.0,29.0,24.0,13.0,,21.0,30.0,11.0,1.0,Ard Dúin,"The Irish form points to ard = height. The emphasis is on the shape of the ground itself, so the name probably originated from a prominent hill, pass, ridge, rock, or upland feature.",Topography / landscape
RATHBANE,79.0,72.0,28.0,,51.0,46.0,19.0,1.0,44.0,52.0,17.0,,47.0,50.0,18.0,1.0,44.0,52.0,17.0,,44.0,38.0,18.0,,An Ráth Bhán,"The Irish form points to ráth = ringfort or enclosed settlement, bhán = white or pale. That wording often hints at an early enclosed site such as a ringfort or remembered fortification, suggesting long continuity of occupation.",Archaeological / enclosure
RATHCOT,18.0,16.0,6.0,,16.0,22.0,6.0,,12.0,23.0,6.0,,12.0,21.0,5.0,,11.0,12.0,5.0,,13.0,9.0,5.0,,Ráth Chota,"The Irish form points to ráth = ringfort or enclosed settlement. That wording often hints at an early enclosed site such as a ringfort or remembered fortification, suggesting long continuity of occupation.",Archaeological / enclosure
RATHMEAGUE,44.0,43.0,13.0,1.0,30.0,29.0,11.0,1.0,22.0,27.0,9.0,1.0,31.0,24.0,9.0,,30.0,21.0,8.0,1.0,17.0,16.0,7.0,1.0,Ráth Mheidhg,"The Irish form points to ráth = ringfort or enclosed settlement. That wording often hints at an early enclosed site such as a ringfort or remembered fortification, suggesting long continuity of occupation.",Archaeological / enclosure
RATHSHANMORE EAST,18.0,20.0,5.0,,12.0,10.0,5.0,,13.0,6.0,4.0,,10.0,6.0,4.0,,18.0,10.0,4.0,,12.0,11.0,3.0,,Ráth Sheáin Mhóir Thoir,"The Irish form points to ráth = ringfort or enclosed settlement, sheáin = personal name Seán/John. That wording often hints at an early enclosed site such as a ringfort or remembered fortification, suggesting long continuity of occupation.",Archaeological / enclosure
RATHSHANMORE SOUTH,29.0,25.0,7.0,,27.0,20.0,6.0,,23.0,20.0,6.0,,16.0,15.0,5.0,,11.0,9.0,4.0,,6.0,4.0,2.0,,Ráth Sheáin Mhóir Theas,"The Irish form points to ráth = ringfort or enclosed settlement, sheáin = personal name Seán/John. That wording often hints at an early enclosed site such as a ringfort or remembered fortification, suggesting long continuity of occupation.",Archaeological / enclosure
RATHSHANMORE WEST,45.0,46.0,16.0,,20.0,31.0,6.0,1.0,20.0,26.0,6.0,,12.0,15.0,5.0,,16.0,18.0,5.0,,21.0,20.0,6.0,,Ráth Sheáin Mhóir Thiar,"The Irish form points to ráth = ringfort or enclosed settlement, sheáin = personal name Seán/John. That wording often hints at an early enclosed site such as a ringfort or remembered fortification, suggesting long continuity of occupation.",Archaeological / enclosure
BALLYBEG,64.0,75.0,19.0,,36.0,40.0,14.0,,25.0,33.0,10.0,1.0,27.0,27.0,10.0,,27.0,30.0,8.0,3.0,19.0,22.0,7.0,2.0,An Baile Beag,"The Irish form points to baile = settlement or town, beag = small. That suggests the townland was remembered as a settlement, estate, or landholding linked to habitation or to a family name.",Settlement / family association
BALLYCUMBER NORTH,39.0,50.0,11.0,,24.0,20.0,6.0,1.0,18.0,12.0,5.0,,12.0,15.0,4.0,,16.0,15.0,4.0,,10.0,11.0,4.0,,Baile an Chomair Thuaidh,"The Irish form points to baile = settlement or town, thuaidh = north. That suggests the townland was remembered as a settlement, estate, or landholding linked to habitation or to a family name.",Settlement / family association
BALLYCUMBER SOUTH,59.0,58.0,20.0,1.0,43.0,48.0,14.0,1.0,31.0,38.0,13.0,1.0,33.0,35.0,12.0,,35.0,35.0,13.0,,25.0,30.0,10.0,2.0,Baile an Chomair Theas,"The Irish form points to baile = settlement or town, theas = south. That suggests the townland was remembered as a settlement, estate, or landholding linked to habitation or to a family name.",Settlement / family association
BALLYNAMANOGE,55.0,42.0,14.0,,48.0,47.0,14.0,,41.0,37.0,11.0,,37.0,37.0,10.0,,27.0,25.0,10.0,,27.0,23.0,10.0,,Baile na mBánóg,"The Irish form points to baile = settlement or town. That suggests the townland was remembered as a settlement, estate, or landholding linked to habitation or to a family name.",Settlement / family association
BALLYSHONOG,83.0,89.0,26.0,,53.0,59.0,19.0,2.0,41.0,34.0,15.0,,34.0,34.0,12.0,,41.0,37.0,12.0,,38.0,26.0,13.0,,Baile Sheonac,"The Irish form points to baile = settlement or town. That suggests the townland was remembered as a settlement, estate, or landholding linked to habitation or to a family name.",Settlement / family association
BRIDGELAND,36.0,29.0,12.0,,29.0,25.0,11.0,3.0,25.0,18.0,8.0,2.0,25.0,23.0,9.0,,22.0,12.0,7.0,2.0,14.0,13.0,7.0,2.0,Fearann an Droichid,"The Irish form points to fearann = land or estate. This kind of name usually reflects working land—pasture, enclosed grazing, fields, or another farming use visible in the rural landscape.",Agricultural land use
CARRICK,42.0,30.0,12.0,,22.0,17.0,5.0,,17.0,17.0,4.0,,14.0,11.0,5.0,,11.0,7.0,2.0,,8.0,6.0,2.0,,An Charraig,The Irish form preserves an older Gaelic description of the place. It is best read as a traditional local place-name preserving how the landscape or community once identified the area.,Landscape or local identity
CHURCHLAND,13.0,9.0,3.0,1.0,1.0,5.0,1.0,1.0,,,,1.0,,,,,13.0,8.0,4.0,1.0,10.0,8.0,4.0,1.0,Cill Chomáin,"The Irish form points to cill = church or early ecclesiastical site. The name likely preserves a church, saint, cross, or holy well association, which can point to an older religious landmark in the locality.",Ecclesiastical / devotional
COOLAFUNSHOGE,64.0,69.0,24.0,,50.0,66.0,19.0,,44.0,42.0,13.0,,38.0,24.0,11.0,2.0,31.0,24.0,10.0,,27.0,27.0,10.0,,Cúil na bhFuinseog,The Irish form preserves an older Gaelic description of the place. It is best read as a traditional local place-name preserving how the landscape or community once identified the area.,Landscape or local identity
COOLROSS,12.0,8.0,4.0,,9.0,13.0,4.0,,32.0,19.0,8.0,,44.0,30.0,12.0,,30.0,23.0,10.0,,9.0,8.0,3.0,,Cúil Rois,The Irish form preserves an older Gaelic description of the place. It is best read as a traditional local place-name preserving how the landscape or community once identified the area.,Landscape or local identity
CROSS,13.0,12.0,5.0,,10.0,10.0,3.0,,9.0,9.0,4.0,,12.0,8.0,4.0,,5.0,8.0,4.0,,8.0,6.0,4.0,,An Chrois,The Irish form preserves an older Gaelic description of the place. It is best read as a traditional local place-name preserving how the landscape or community once identified the area.,Landscape or local identity
CURRAVANISH,55.0,39.0,15.0,,46.0,44.0,15.0,,36.0,35.0,13.0,,41.0,34.0,13.0,,39.0,31.0,13.0,,36.0,32.0,13.0,,Corr Mhánais,The Irish form preserves an older Gaelic description of the place. It is best read as a traditional local place-name preserving how the landscape or community once identified the area.,Landscape or local identity
FARNEES,70.0,77.0,27.0,,56.0,44.0,21.0,3.0,41.0,41.0,14.0,,31.0,38.0,19.0,,21.0,29.0,8.0,,20.0,29.0,8.0,,Fearnaigh,The Irish form preserves an older Gaelic description of the place. It is best read as a traditional local place-name preserving how the landscape or community once identified the area.,Landscape or local identity
GARRYHOE,58.0,52.0,17.0,,40.0,36.0,14.0,1.0,43.0,30.0,14.0,,37.0,30.0,14.0,,36.0,35.0,13.0,,46.0,34.0,14.0,,Garraí Mhic Eochú,"The Irish form points to mhic = family or clan association. That suggests the townland was remembered as a settlement, estate, or landholding linked to habitation or to a family name.",Settlement / family association
GLENPHILIPEEN,61.0,61.0,21.0,,40.0,39.0,16.0,,17.0,18.0,9.0,,23.0,21.0,8.0,1.0,22.0,20.0,8.0,,13.0,14.0,5.0,1.0,Gleann Philibín,"The Irish form points to gleann = glen or valley. The emphasis is on the shape of the ground itself, so the name probably originated from a prominent hill, pass, ridge, rock, or upland feature.",Topography / landscape
KNOCKNABOLEY,117.0,118.0,33.0,1.0,86.0,88.0,25.0,3.0,68.0,62.0,21.0,,66.0,47.0,17.0,2.0,63.0,40.0,17.0,,47.0,34.0,18.0,2.0,Cnoc na Buaile,"The Irish form points to cnoc = hill, buaile = booley or cattle enclosure. This kind of name usually reflects working land—pasture, enclosed grazing, fields, or another farming use visible in the rural landscape.",Agricultural land use
KYLE,54.0,40.0,15.0,,29.0,34.0,12.0,,41.0,48.0,11.0,,42.0,40.0,10.0,,33.0,27.0,10.0,,24.0,23.0,9.0,,An Chill,The Irish form preserves an older Gaelic description of the place. It is best read as a traditional local place-name preserving how the landscape or community once identified the area.,Landscape or local identity
LUGDUFF,52.0,51.0,17.0,,61.0,72.0,19.0,,55.0,55.0,17.0,,63.0,69.0,22.0,,58.0,55.0,23.0,3.0,36.0,41.0,15.0,1.0,An Log Dubh,The Irish form preserves an older Gaelic description of the place. It is best read as a traditional local place-name preserving how the landscape or community once identified the area.,Landscape or local identity
MANGANS,41.0,45.0,14.0,,34.0,33.0,13.0,,33.0,26.0,11.0,,24.0,22.0,10.0,,28.0,20.0,9.0,,24.0,23.0,9.0,,An Mongán,The Irish form preserves an older Gaelic description of the place. It is best read as a traditional local place-name preserving how the landscape or community once identified the area.,Landscape or local identity
MULLANNASKEAGH,17.0,19.0,7.0,,6.0,4.0,1.0,,4.0,5.0,1.0,,11.0,11.0,3.0,,9.0,5.0,3.0,,3.0,2.0,2.0,1.0,Mullán na Sceiche,"The Irish form points to mullán = small summit or rounded hill. The emphasis is on the shape of the ground itself, so the name probably originated from a prominent hill, pass, ridge, rock, or upland feature.",Topography / landscape
MULLANS NORTH,51.0,56.0,15.0,,18.0,13.0,4.0,,18.0,15.0,6.0,,14.0,17.0,5.0,,18.0,11.0,5.0,,2.0,1.0,1.0,,An Mullán Thuaidh,"The Irish form points to mullán = small summit or rounded hill, thuaidh = north. The emphasis is on the shape of the ground itself, so the name probably originated from a prominent hill, pass, ridge, rock, or upland feature.",Topography / landscape
MULLANS SOUTH,50.0,40.0,14.0,,37.0,38.0,10.0,,23.0,19.0,6.0,,26.0,19.0,6.0,,19.0,17.0,5.0,,33.0,22.0,8.0,,An Mullán Theas,"The Irish form points to mullán = small summit or rounded hill, theas = south. The emphasis is on the shape of the ground itself, so the name probably originated from a prominent hill, pass, ridge, rock, or upland feature.",Topography / landscape
MUSKEAGH,63.0,46.0,17.0,,33.0,38.0,14.0,1.0,25.0,32.0,11.0,,30.0,30.0,11.0,,29.0,23.0,10.0,,22.0,19.0,9.0,,Maigh Sciach,The Irish form preserves an older Gaelic description of the place. It is best read as a traditional local place-name preserving how the landscape or community once identified the area.,Landscape or local identity
RAHEENTEIGE,27.0,22.0,8.0,,19.0,21.0,5.0,1.0,16.0,22.0,4.0,,13.0,20.0,4.0,,13.0,15.0,4.0,,13.0,9.0,4.0,,Ráithín Thaidhg,"The Irish form points to ráithín = small ringfort. That wording often hints at an early enclosed site such as a ringfort or remembered fortification, suggesting long continuity of occupation.",Archaeological / enclosure
ROSBANE,90.0,89.0,28.0,,45.0,57.0,19.0,,30.0,44.0,14.0,,40.0,57.0,15.0,,49.0,49.0,14.0,,41.0,35.0,14.0,,An Ros Bán,"The Irish form points to ros = wooded point or promontory, bán = white or pale. This suggests the place was identified by vegetation, woodland, bog, scrub, or another natural cover that stood out locally.",Vegetation / land cover
TINAHELY,13.0,8.0,3.0,,9.0,4.0,2.0,,17.0,9.0,5.0,,12.0,19.0,4.0,,6.0,11.0,2.0,,3.0,2.0,2.0,,Tigh na hÉille,The Irish form preserves an older Gaelic description of the place. It is best read as a traditional local place-name preserving how the landscape or community once identified the area.,Landscape or local identity
WHITEFIELD,44.0,43.0,17.0,1.0,19.0,26.0,10.0,2.0,16.0,10.0,7.0,1.0,31.0,21.0,8.0,,25.0,19.0,8.0,1.0,22.0,12.0,7.0,2.0,An Gort Bán,The Irish form points to bán = white or pale. It is best read as a traditional local place-name preserving how the landscape or community once identified the area.,Landscape or local identity
WHITEROCK,47.0,47.0,14.0,,33.0,30.0,10.0,2.0,37.0,29.0,10.0,,29.0,30.0,9.0,,33.0,27.0,9.0,,30.0,24.0,11.0,,Carraig Caltair,"The Irish form points to carraig = rock. The emphasis is on the shape of the ground itself, so the name probably originated from a prominent hill, pass, ridge, rock, or upland feature.",Topography / landscape
BALLAGH,51.0,58.0,18.0,,30.0,40.0,10.0,,28.0,21.0,9.0,,19.0,13.0,6.0,1.0,20.0,19.0,7.0,1.0,23.0,18.0,8.0,,An Bealach,The Irish form preserves an older Gaelic description of the place. It is best read as a traditional local place-name preserving how the landscape or community once identified the area.,Landscape or local identity
COOLALUG,65.0,64.0,19.0,,30.0,29.0,11.0,1.0,31.0,24.0,9.0,1.0,26.0,29.0,10.0,,30.0,38.0,12.0,,18.0,20.0,10.0,1.0,Cúil an Loig,The Irish form preserves an older Gaelic description of the place. It is best read as a traditional local place-name preserving how the landscape or community once identified the area.,Landscape or local identity
COOLBAWN or COOLBALLINTAGGART,109.0,87.0,27.0,,90.0,72.0,24.0,,65.0,62.0,20.0,,45.0,44.0,18.0,,44.0,45.0,17.0,,42.0,41.0,15.0,1.0,An Chúil Bhán,The Irish form points to bhán = white or pale. It is best read as a traditional local place-name preserving how the landscape or community once identified the area.,Landscape or local identity
CURRAGHLAWN,61.0,52.0,15.0,2.0,31.0,34.0,13.0,7.0,23.0,25.0,11.0,1.0,20.0,29.0,11.0,1.0,10.0,20.0,8.0,2.0,14.0,11.0,7.0,2.0,An Currach Leathan,The Irish form preserves an older Gaelic description of the place. It is best read as a traditional local place-name preserving how the landscape or community once identified the area.,Landscape or local identity
KILLAVENY,190.0,198.0,67.0,1.0,126.0,123.0,49.0,1.0,113.0,106.0,45.0,,76.0,65.0,28.0,,71.0,51.0,22.0,1.0,46.0,39.0,17.0,1.0,Coill Bhánaigh,"The Irish form points to coill = wood. This suggests the place was identified by vegetation, woodland, bog, scrub, or another natural cover that stood out locally.",Vegetation / land cover
KILPIPE,66.0,78.0,26.0,,52.0,58.0,18.0,,50.0,61.0,19.0,,40.0,47.0,16.0,,31.0,33.0,13.0,,43.0,38.0,12.0,,Cill Phíp,"The Irish form points to cill = church or early ecclesiastical site. The name likely preserves a church, saint, cross, or holy well association, which can point to an older religious landmark in the locality.",Ecclesiastical / devotional
RODDENAGH,54.0,66.0,16.0,,25.0,18.0,7.0,,12.0,14.0,6.0,,23.0,17.0,9.0,,25.0,21.0,9.0,,24.0,21.0,10.0,,Roideanach,The Irish form preserves an older Gaelic description of the place. It is best read as a traditional local place-name preserving how the landscape or community once identified the area.,Landscape or local identity
ROSNASTRAW,113.0,126.0,40.0,,73.0,90.0,28.0,,67.0,75.0,26.0,,55.0,59.0,18.0,,43.0,42.0,18.0,,32.0,32.0,16.0,,Ros na Sraithe,"The Irish form points to ros = wooded point or promontory. This suggests the place was identified by vegetation, woodland, bog, scrub, or another natural cover that stood out locally.",Vegetation / land cover
TOBERLOWNAGH,63.0,65.0,22.0,1.0,49.0,43.0,22.0,,47.0,51.0,20.0,1.0,34.0,33.0,14.0,,29.0,37.0,12.0,,27.0,28.0,11.0,1.0,Tobar Leamhnachta,"The Irish form points to tobar = well, often a holy well. The name likely preserves a church, saint, cross, or holy well association, which can point to an older religious landmark in the locality.",Ecclesiastical / devotional
TOBERPATRICK,124.0,120.0,40.0,1.0,85.0,60.0,29.0,1.0,64.0,53.0,25.0,2.0,40.0,31.0,13.0,1.0,39.0,39.0,15.0,,40.0,35.0,12.0,,Tobar Phádraig,"The Irish form points to tobar = well, often a holy well, phádraig = personal or saintly association with Patrick. The name likely preserves a church, saint, cross, or holy well association, which can point to an older religious landmark in the locality.",Ecclesiastical / devotional
TOMNASKELA,43.0,34.0,13.0,1.0,44.0,39.0,13.0,,18.0,20.0,8.0,,25.0,22.0,10.0,,28.0,25.0,11.0,,25.0,20.0,11.0,,Tom na Scéalaithe,"The Irish form points to tom = mound or bushy hillock. The emphasis is on the shape of the ground itself, so the name probably originated from a prominent hill, pass, ridge, rock, or upland feature.",Topography / landscape
BALLINGUILE,144.0,144.0,52.0,,17.0,20.0,7.0,,65.0,69.0,25.0,,59.0,54.0,24.0,,55.0,48.0,22.0,,43.0,31.0,20.0,1.0,Baile an Ghaill,"The Irish form points to baile = settlement or town. That suggests the townland was remembered as a settlement, estate, or landholding linked to habitation or to a family name.",Settlement / family association
BALLINGUILEHILL,3.0,1.0,1.0,,,,,,,,,,,,,,,,,,,,,,Cnoc Bhaile an Ghaill,"The Irish form points to cnoc = hill, bhaile = settlement or town. That suggests the townland was remembered as a settlement, estate, or landholding linked to habitation or to a family name.",Settlement / family association
CARRIGATHEME,,,,,,,,,,,,,,,,,,,,,,,,,Carraig an Taoim,"The Irish form points to carraig = rock. The emphasis is on the shape of the ground itself, so the name probably originated from a prominent hill, pass, ridge, rock, or upland feature.",Topography / landscape
KNOCKNAGREE,15.0,20.0,3.0,,10.0,8.0,2.0,,7.0,6.0,2.0,,8.0,7.0,2.0,,8.0,7.0,2.0,,5.0,3.0,2.0,,Cnoc na Graí,"The Irish form points to cnoc = hill. The emphasis is on the shape of the ground itself, so the name probably originated from a prominent hill, pass, ridge, rock, or upland feature.",Topography / landscape
LYBAGH,,,,,,,,,,,,,,,,,,,,,,,,,Leadhbach,The Irish form preserves an older Gaelic description of the place. It is best read as a traditional local place-name preserving how the landscape or community once identified the area.,Landscape or local identity
RATHCOYLE LOWER,8.0,4.0,1.0,1.0,,,,,,,,,,,,,,,,1.0,,,,,Ráth Choill Íochtararach,"The Irish form points to ráth = ringfort or enclosed settlement, choill = wood. That wording often hints at an early enclosed site such as a ringfort or remembered fortification, suggesting long continuity of occupation.",Archaeological / enclosure
RATHCOYLE UPPER,,,,,1.0,1.0,1.0,1.0,4.0,5.0,1.0,1.0,9.0,5.0,1.0,,4.0,3.0,1.0,,5.0,3.0,1.0,1.0,Ráth Choill Uachtararach,"The Irish form points to ráth = ringfort or enclosed settlement, choill = wood. That wording often hints at an early enclosed site such as a ringfort or remembered fortification, suggesting long continuity of occupation.",Archaeological / enclosure
SLIEVEBOY LOWER,28.0,14.0,7.0,,7.0,6.0,3.0,,2.0,2.0,1.0,1.0,5.0,4.0,2.0,,4.0,3.0,1.0,,3.0,2.0,1.0,,An Sliabh Buí Íochtarach,"The Irish form points to sliabh = mountain or upland, buí = yellow. The emphasis is on the shape of the ground itself, so the name probably originated from a prominent hill, pass, ridge, rock, or upland feature.",Topography / landscape
SLIEVEBOY UPPER,,,,,,,,,,,,,,,,,,,,,,,,,An Sliabh Buí Uachtarach,"The Irish form points to sliabh = mountain or upland, buí = yellow. The emphasis is on the shape of the ground itself, so the name probably originated from a prominent hill, pass, ridge, rock, or upland feature.",Topography / landscape
SLIEVEMAAN,,,,,,,,,,,,,,,,,,,,,,,,,Sliabh Meáin,"The Irish form points to sliabh = mountain or upland. The emphasis is on the shape of the ground itself, so the name probably originated from a prominent hill, pass, ridge, rock, or upland feature.",Topography / landscape
SLIEVENAMOUGH,48.0,46.0,15.0,1.0,29.0,24.0,9.0,,20.0,18.0,6.0,,19.0,18.0,7.0,,15.0,14.0,7.0,,10.0,12.0,6.0,,Sliabh na mBoth,"The Irish form points to sliabh = mountain or upland. The emphasis is on the shape of the ground itself, so the name probably originated from a prominent hill, pass, ridge, rock, or upland feature.",Topography / landscape
SLIEVENAMOUGH PLAIN,21.0,14.0,5.0,,4.0,5.0,1.0,,12.0,11.0,4.0,,11.0,3.0,3.0,,6.0,7.0,3.0,,7.0,8.0,2.0,1.0,Machaire Shliabh na mBoth,The Irish form preserves an older Gaelic description of the place. It is best read as a traditional local place-name preserving how the landscape or community once identified the area.,Landscape or local identity
TOORBOY,34.0,28.0,10.0,,20.0,29.0,6.0,,13.0,15.0,5.0,,23.0,16.0,6.0,,23.0,21.0,6.0,,24.0,21.0,7.0,,An Tuar Buí,"The Irish form points to tuar = pasture or bleaching green, buí = yellow. This kind of name usually reflects working land—pasture, enclosed grazing, fields, or another farming use visible in the rural landscape.",Agricultural land use
CARRIGROE,51.0,48.0,14.0,1.0,30.0,31.0,8.0,1.0,19.0,19.0,7.0,,17.0,12.0,6.0,,,,,,14.0,11.0,5.0,1.0,Carraig an Chróigh,"The Irish form points to carraig = rock. The emphasis is on the shape of the ground itself, so the name probably originated from a prominent hill, pass, ridge, rock, or upland feature.",Topography / landscape
CORNDOG,36.0,37.0,8.0,1.0,20.0,19.0,5.0,,7.0,8.0,3.0,,9.0,11.0,8.0,,,,,,2.0,2.0,1.0,1.0,Corr an Daig,The Irish form preserves an older Gaelic description of the place. It is best read as a traditional local place-name preserving how the landscape or community once identified the area.,Landscape or local identity
MOYNE,51.0,43.0,18.0,1.0,51.0,52.0,18.0,3.0,44.0,33.0,17.0,2.0,37.0,38.0,15.0,,,,,,25.0,22.0,13.0,1.0,An Mhaighean,The Irish form preserves an older Gaelic description of the place. It is best read as a traditional local place-name preserving how the landscape or community once identified the area.,Landscape or local identity
SLIEVEMWEEL,108.0,103.0,36.0,,56.0,43.0,20.0,1.0,35.0,29.0,16.0,,23.0,23.0,11.0,,,,,,20.0,20.0,9.0,,An Sliabh Maol,"The Irish form points to sliabh = mountain or upland, maol = rounded or bare summit. The emphasis is on the shape of the ground itself, so the name probably originated from a prominent hill, pass, ridge, rock, or upland feature.",Topography / landscape
SLIEVEROE,67.0,74.0,21.0,,48.0,63.0,16.0,,40.0,42.0,14.0,,26.0,32.0,12.0,,,,,,19.0,24.0,12.0,,An Sliabh Rua,"The Irish form points to sliabh = mountain or upland, rua = red. The emphasis is on the shape of the ground itself, so the name probably originated from a prominent hill, pass, ridge, rock, or upland feature.",Topography / landscape
ASKAKEAGH,104.0,99.0,31.0,,50.0,44.0,17.0,4.0,27.0,22.0,9.0,1.0,28.0,23.0,9.0,,,,,,20.0,27.0,7.0,1.0,An Easca Chaoch,The Irish form preserves an older Gaelic description of the place. It is best read as a traditional local place-name preserving how the landscape or community once identified the area.,Landscape or local identity
DRUMMIN,39.0,40.0,12.0,2.0,39.0,30.0,12.0,,42.0,29.0,12.0,,39.0,29.0,10.0,,,,,,30.0,30.0,9.0,1.0,An Dromainn,"The Irish form points to dromainn = ridge or back. The emphasis is on the shape of the ground itself, so the name probably originated from a prominent hill, pass, ridge, rock, or upland feature.",Topography / landscape
KILBALLYOWEN,249.0,241.0,75.0,,146.0,131.0,45.0,4.0,105.0,86.0,35.0,2.0,88.0,89.0,31.0,,,,,,59.0,65.0,25.0,2.0,Coill Bhaile Eoghain,"The Irish form points to coill = wood, bhaile = settlement or town. That suggests the townland was remembered as a settlement, estate, or landholding linked to habitation or to a family name.",Settlement / family association
PREBAN,50.0,58.0,13.0,,40.0,42.0,14.0,,36.0,32.0,12.0,1.0,32.0,30.0,13.0,1.0,,,,,36.0,33.0,13.0,,An Preabán,The Irish form preserves an older Gaelic description of the place. It is best read as a traditional local place-name preserving how the landscape or community once identified the area.,Landscape or local identity
TOMCOYLE,37.0,37.0,10.0,,13.0,14.0,4.0,1.0,6.0,16.0,3.0,,9.0,18.0,3.0,,,,,,3.0,8.0,1.0,,Tom Coill,"The Irish form points to tom = mound or bushy hillock, coill = wood. The emphasis is on the shape of the ground itself, so the name probably originated from a prominent hill, pass, ridge, rock, or upland feature.",Topography / landscape
PARKMORE,68.0,57.0,19.0,,49.0,40.0,13.0,1.0,44.0,40.0,13.0,,42.0,38.0,11.0,,37.0,37.0,11.0,,36.0,24.0,10.0,,An Pháirc Mhór,"The Irish form points to pháirc = field, mhór = big/great. This kind of name usually reflects working land—pasture, enclosed grazing, fields, or another farming use visible in the rural landscape.",Agricultural land use
AGHOWLE LOWER,56.0,40.0,14.0,,33.0,33.0,11.0,,28.0,19.0,8.0,,15.0,14.0,6.0,,20.0,12.0,6.0,,17.0,17.0,6.0,,Achadh Abhall Íochtarach,"The Irish form points to abhall = orchard or apple tree, íochtarach = lower. This suggests the place was identified by vegetation, woodland, bog, scrub, or another natural cover that stood out locally.",Vegetation / land cover
AGHOWLE UPPER,39.0,40.0,11.0,,29.0,21.0,9.0,,29.0,25.0,9.0,,28.0,16.0,8.0,,19.0,20.0,8.0,,22.0,13.0,8.0,2.0,Achadh Abhall Uachtarach,"The Irish form points to abhall = orchard or apple tree, uachtarach = upper. This suggests the place was identified by vegetation, woodland, bog, scrub, or another natural cover that stood out locally.",Vegetation / land cover
BALLYBEG,11.0,10.0,4.0,,15.0,11.0,4.0,,11.0,13.0,3.0,,,,,,9.0,9.0,3.0,,5.0,12.0,3.0,1.0,An Baile Beag,"The Irish form points to baile = settlement or town, beag = small. That suggests the townland was remembered as a settlement, estate, or landholding linked to habitation or to a family name.",Settlement / family association
CRONE,7.0,10.0,1.0,,10.0,14.0,2.0,,10.0,13.0,4.0,,10.0,13.0,3.0,,6.0,8.0,2.0,,2.0,2.0,1.0,1.0,An Corrán,"The Irish form points to corrán = sickle-shaped strip or corner. This kind of name usually reflects working land—pasture, enclosed grazing, fields, or another farming use visible in the rural landscape.",Agricultural land use
AGHOWLE LOWER,123.0,133.0,47.0,1.0,90.0,100.0,35.0,1.0,66.0,63.0,24.0,,67.0,56.0,22.0,,57.0,49.0,22.0,,54.0,41.0,20.0,1.0,Achadh Abhall Íochtarach,"The Irish form points to abhall = orchard or apple tree, íochtarach = lower. This suggests the place was identified by vegetation, woodland, bog, scrub, or another natural cover that stood out locally.",Vegetation / land cover
AGHOWLE UPPER,68.0,98.0,23.0,1.0,43.0,55.0,18.0,1.0,26.0,36.0,14.0,,39.0,33.0,14.0,,31.0,31.0,13.0,,32.0,33.0,12.0,,Achadh Abhall Uachtarach,"The Irish form points to abhall = orchard or apple tree, uachtarach = upper. This suggests the place was identified by vegetation, woodland, bog, scrub, or another natural cover that stood out locally.",Vegetation / land cover
BALLARD,31.0,44.0,9.0,1.0,4.0,9.0,1.0,1.0,,,,,5.0,2.0,1.0,,4.0,4.0,1.0,,3.0,3.0,1.0,,An Baile Ard,"The Irish form points to baile = settlement or town, ard = height. That suggests the townland was remembered as a settlement, estate, or landholding linked to habitation or to a family name.",Settlement / family association
BARNACASHEL,14.0,13.0,5.0,,4.0,6.0,3.0,,3.0,1.0,1.0,,2.0,2.0,1.0,,2.0,4.0,1.0,,1.0,2.0,1.0,,Bearna Chaisil,"The Irish form points to bearna = gap or pass, chaisil = stone fort. That wording often hints at an early enclosed site such as a ringfort or remembered fortification, suggesting long continuity of occupation.",Archaeological / enclosure
BOLEY,131.0,129.0,41.0,,79.0,56.0,21.0,2.0,74.0,38.0,18.0,,30.0,38.0,17.0,,49.0,40.0,17.0,,44.0,43.0,15.0,1.0,An Bhuaile,"The Irish form points to bhuaile = booley or cattle enclosure. This kind of name usually reflects working land—pasture, enclosed grazing, fields, or another farming use visible in the rural landscape.",Agricultural land use
COOLKENNA,200.0,191.0,60.0,3.0,131.0,127.0,43.0,2.0,119.0,115.0,43.0,3.0,121.0,110.0,43.0,,114.0,113.0,40.0,3.0,101.0,86.0,38.0,2.0,Cúil Uí Chionaoith,"The Irish form points to uí = family or clan association. That suggests the townland was remembered as a settlement, estate, or landholding linked to habitation or to a family name.",Settlement / family association
CRONE,24.0,28.0,9.0,,17.0,19.0,6.0,,18.0,16.0,4.0,,14.0,7.0,3.0,,8.0,5.0,3.0,1.0,5.0,6.0,2.0,,An Corrán,"The Irish form points to corrán = sickle-shaped strip or corner. This kind of name usually reflects working land—pasture, enclosed grazing, fields, or another farming use visible in the rural landscape.",Agricultural land use
KILLABEG,104.0,116.0,33.0,3.0,82.0,88.0,26.0,2.0,46.0,52.0,18.0,1.0,41.0,46.0,17.0,,44.0,42.0,16.0,1.0,35.0,39.0,16.0,,An Choill Bheag,"The Irish form points to choill = wood. This suggests the place was identified by vegetation, woodland, bog, scrub, or another natural cover that stood out locally.",Vegetation / land cover
KILLINURE,317.0,301.0,91.0,1.0,191.0,167.0,59.0,4.0,135.0,139.0,48.0,1.0,116.0,129.0,43.0,1.0,119.0,105.0,39.0,,106.0,108.0,35.0,2.0,Cill an Iúir,"The Irish form points to cill = church or early ecclesiastical site. The name likely preserves a church, saint, cross, or holy well association, which can point to an older religious landmark in the locality.",Ecclesiastical / devotional
LUMCLOON,61.0,71.0,22.0,,20.0,26.0,11.0,1.0,15.0,22.0,11.0,,19.0,22.0,8.0,,24.0,20.0,6.0,,22.0,17.0,6.0,,Lomchluain,The Irish form preserves an older Gaelic description of the place. It is best read as a traditional local place-name preserving how the landscape or community once identified the area.,Landscape or local identity
MINMORE,3.0,7.0,1.0,,,,,,,,,,4.0,2.0,1.0,,,,,,,,,,Mionn Mór,The Irish form points to mór = big/great. It is best read as a traditional local place-name preserving how the landscape or community once identified the area.,Landscape or local identity
MONEY LOWER,53.0,65.0,17.0,1.0,50.0,37.0,10.0,2.0,33.0,33.0,10.0,,35.0,38.0,10.0,,,32.0,9.0,1.0,24.0,28.0,8.0,2.0,An Muine Íochtarach,"The Irish form points to muine = thicket or scrub, íochtarach = lower. This suggests the place was identified by vegetation, woodland, bog, scrub, or another natural cover that stood out locally.",Vegetation / land cover
MONEY UPPER,111.0,92.0,31.0,1.0,84.0,69.0,26.0,4.0,61.0,51.0,19.0,1.0,74.0,65.0,22.0,,61.0,63.0,23.0,,60.0,44.0,17.0,2.0,An Muine Uachtarach,"The Irish form points to muine = thicket or scrub, uachtarach = upper. This suggests the place was identified by vegetation, woodland, bog, scrub, or another natural cover that stood out locally.",Vegetation / land cover
MUNGACULLIN,68.0,82.0,25.0,,58.0,67.0,20.0,,48.0,48.0,17.0,1.0,49.0,36.0,18.0,,35.0,26.0,11.0,,27.0,23.0,10.0,,Moing an Chuilinn,"The Irish form points to moing = bogland, chuilinn = holly. This suggests the place was identified by vegetation, woodland, bog, scrub, or another natural cover that stood out locally.",Vegetation / land cover
QUIGGINROE,31.0,35.0,14.0,,29.0,32.0,13.0,,10.0,11.0,4.0,,12.0,10.0,4.0,,,,,,11.0,9.0,3.0,,An Chuigeann Rua,The Irish form points to rua = red. It is best read as a traditional local place-name preserving how the landscape or community once identified the area.,Landscape or local identity
RAHEENAKIT,10.0,10.0,4.0,,9.0,4.0,2.0,,5.0,5.0,2.0,,10.0,7.0,2.0,,,,,,7.0,6.0,3.0,,Ráithín an Chait,"The Irish form points to ráithín = small ringfort. That wording often hints at an early enclosed site such as a ringfort or remembered fortification, suggesting long continuity of occupation.",Archaeological / enclosure
ARDOYNE,148.0,159.0,48.0,2.0,120.0,128.0,39.0,2.0,115.0,107.0,37.0,2.0,90.0,84.0,31.0,,,,,,75.0,69.0,31.0,2.0,Ard Dúin,"The Irish form points to ard = height. The emphasis is on the shape of the ground itself, so the name probably originated from a prominent hill, pass, ridge, rock, or upland feature.",Topography / landscape
KNOCKLOE,42.0,50.0,14.0,,28.0,31.0,10.0,1.0,33.0,32.0,11.0,,24.0,27.0,11.0,,,,,,25.0,23.0,9.0,,Cnoc Luaithe,"The Irish form points to cnoc = hill. The emphasis is on the shape of the ground itself, so the name probably originated from a prominent hill, pass, ridge, rock, or upland feature.",Topography / landscape
RATH,2.0,3.0,1.0,,2.0,1.0,1.0,,5.0,2.0,1.0,,2.0,2.0,1.0,,,,,,5.0,3.0,2.0,,An Ráth,"The Irish form points to ráth = ringfort or enclosed settlement. That wording often hints at an early enclosed site such as a ringfort or remembered fortification, suggesting long continuity of occupation.",Archaeological / enclosure
TULLOWCLAY,41.0,49.0,14.0,,40.0,44.0,11.0,,34.0,29.0,10.0,,24.0,26.0,10.0,,,,,,17.0,15.0,8.0,1.0,Tulach Cliath,The Irish form preserves an older Gaelic description of the place. It is best read as a traditional local place-name preserving how the landscape or community once identified the area.,Landscape or local identity
BALLARD,35.0,29.0,13.0,1.0,21.0,16.0,6.0,1.0,10.0,10.0,5.0,,,,,,,,,,90.0,128.0,7.0,,An Baile Ard,"The Irish form points to baile = settlement or town, ard = height. That suggests the townland was remembered as a settlement, estate, or landholding linked to habitation or to a family name.",Settlement / family association
BALLINGATE LOWER,51.0,47.0,15.0,,42.0,41.0,14.0,,35.0,30.0,12.0,,40.0,28.0,11.0,,,,,,30.0,21.0,10.0,,Buaile an Gheata Íochtarach,"The Irish form points to buaile = booley or cattle enclosure, íochtarach = lower. This kind of name usually reflects working land—pasture, enclosed grazing, fields, or another farming use visible in the rural landscape.",Agricultural land use
BALLINGATE UPPER,68.0,50.0,17.0,,22.0,28.0,7.0,,32.0,34.0,14.0,,26.0,25.0,11.0,,,,,,29.0,35.0,11.0,,Buaile an Gheata Uachtarach,"The Irish form points to buaile = booley or cattle enclosure, uachtarach = upper. This kind of name usually reflects working land—pasture, enclosed grazing, fields, or another farming use visible in the rural landscape.",Agricultural land use
BALLYKELLY,84.0,94.0,23.0,,63.0,63.0,17.0,1.0,30.0,24.0,8.0,,16.0,23.0,7.0,,,,,,13.0,18.0,5.0,,Baile Uí Cheallaigh,"The Irish form points to baile = settlement or town, uí = family or clan association. That suggests the townland was remembered as a settlement, estate, or landholding linked to habitation or to a family name.",Settlement / family association
BALLYKNOCKER,13.0,12.0,4.0,,16.0,12.0,5.0,,24.0,15.0,8.0,,21.0,22.0,6.0,1.0,,,,,10.0,9.0,3.0,,Baile Chnocair,"The Irish form points to baile = settlement or town. That suggests the townland was remembered as a settlement, estate, or landholding linked to habitation or to a family name.",Settlement / family association
CARNEW,211.0,245.0,68.0,,102.0,104.0,38.0,1.0,63.0,75.0,22.0,1.0,54.0,48.0,19.0,,,,,,37.0,42.0,14.0,1.0,Carn an Bhua,The Irish form preserves an older Gaelic description of the place. It is best read as a traditional local place-name preserving how the landscape or community once identified the area.,Landscape or local identity
COOLATTIN,165.0,155.0,47.0,,111.0,86.0,29.0,,81.0,81.0,24.0,,81.0,66.0,24.0,,,,,,56.0,57.0,21.0,,Cúil Aitinn,"The Irish form points to aitinn = furze or gorse. This suggests the place was identified by vegetation, woodland, bog, scrub, or another natural cover that stood out locally.",Vegetation / land cover
COOLATTIN PARK,12.0,17.0,3.0,,32.0,39.0,6.0,2.0,14.0,13.0,6.0,,16.0,10.0,7.0,,,,,,16.0,11.0,4.0,,Páirc Chúil Aitinn,"The Irish form points to páirc = field, aitinn = furze or gorse. This kind of name usually reflects working land—pasture, enclosed grazing, fields, or another farming use visible in the rural landscape.",Agricultural land use
COOLBOY,155.0,145.0,45.0,,95.0,97.0,32.0,2.0,71.0,53.0,23.0,3.0,77.0,64.0,25.0,,,,,,72.0,61.0,25.0,,An Cúl Buí,The Irish form points to buí = yellow. It is best read as a traditional local place-name preserving how the landscape or community once identified the area.,Landscape or local identity
CRONYHORN LOWER,66.0,54.0,16.0,,52.0,44.0,17.0,,57.0,48.0,15.0,,49.0,43.0,14.0,,,,,,40.0,36.0,12.0,,Corrán na hEorna Íochtarach,"The Irish form points to corrán = sickle-shaped strip or corner, íochtarach = lower. This kind of name usually reflects working land—pasture, enclosed grazing, fields, or another farming use visible in the rural landscape.",Agricultural land use
CRONYHORN UPPER,130.0,130.0,40.0,,90.0,73.0,24.0,,83.0,70.0,21.0,,58.0,55.0,17.0,,,,,,61.0,51.0,20.0,,Corrán na hEorna Uachtarach,"The Irish form points to corrán = sickle-shaped strip or corner, uachtarach = upper. This kind of name usually reflects working land—pasture, enclosed grazing, fields, or another farming use visible in the rural landscape.",Agricultural land use
GLENNASHOUK,25.0,13.0,8.0,,31.0,19.0,7.0,,21.0,15.0,5.0,,14.0,8.0,3.0,,,,,,15.0,8.0,4.0,,Gleann na Seabhac,"The Irish form points to gleann = glen or valley. The emphasis is on the shape of the ground itself, so the name probably originated from a prominent hill, pass, ridge, rock, or upland feature.",Topography / landscape
HILLBROOK LOWER,69.0,76.0,27.0,,32.0,38.0,13.0,2.0,38.0,35.0,12.0,,36.0,36.0,11.0,,,,,,32.0,26.0,9.0,1.0,Sruthán an Chnoic Íochtarach,"The Irish form points to sruthán = stream, íochtarach = lower. The emphasis is on the shape of the ground itself, so the name probably originated from a prominent hill, pass, ridge, rock, or upland feature.",Topography / landscape
HILLBROOK UPPER,36.0,30.0,10.0,,16.0,18.0,6.0,2.0,7.0,9.0,5.0,,8.0,16.0,4.0,,,,,,8.0,4.0,3.0,,Sruthán an Chnoic Uachtarach,"The Irish form points to sruthán = stream, uachtarach = upper. The emphasis is on the shape of the ground itself, so the name probably originated from a prominent hill, pass, ridge, rock, or upland feature.",Topography / landscape
KENNYSTOWN,36.0,33.0,12.0,,13.0,13.0,5.0,,9.0,13.0,4.0,,5.0,9.0,3.0,,,,,,12.0,9.0,3.0,,Baile Uí Chionaoith,"The Irish form points to baile = settlement or town, uí = family or clan association. That suggests the townland was remembered as a settlement, estate, or landholding linked to habitation or to a family name.",Settlement / family association
KILCAVAN LOWER,35.0,51.0,13.0,2.0,50.0,50.0,17.0,1.0,37.0,38.0,17.0,,33.0,32.0,13.0,,,,,,26.0,26.0,12.0,,Cill Chaomháin Íochtarach,"The Irish form points to cill = church or early ecclesiastical site, chaomháin = saint or personal name Kevin/Caomhán. The name likely preserves a church, saint, cross, or holy well association, which can point to an older religious landmark in the locality.",Ecclesiastical / devotional
KILCAVAN UPPER,74.0,95.0,27.0,,27.0,28.0,8.0,,22.0,24.0,8.0,,20.0,20.0,3.0,,,,,,21.0,19.0,6.0,,Cill Chaomháin Uachtarach,"The Irish form points to cill = church or early ecclesiastical site, chaomháin = saint or personal name Kevin/Caomhán. The name likely preserves a church, saint, cross, or holy well association, which can point to an older religious landmark in the locality.",Ecclesiastical / devotional
MINMORE,10.0,9.0,3.0,,1.0,4.0,1.0,,1.0,4.0,1.0,,1.0,1.0,1.0,,,,,,7.0,1.0,1.0,,Mionn Mór,The Irish form points to mór = big/great. It is best read as a traditional local place-name preserving how the landscape or community once identified the area.,Landscape or local identity
PARKMORE,48.0,53.0,18.0,,23.0,28.0,10.0,,12.0,18.0,5.0,,9.0,13.0,4.0,,,,,,10.0,4.0,3.0,,An Pháirc Mhór,"The Irish form points to pháirc = field, mhór = big/great. This kind of name usually reflects working land—pasture, enclosed grazing, fields, or another farming use visible in the rural landscape.",Agricultural land use
PARKMORE (Page),15.0,8.0,2.0,,7.0,2.0,1.0,,5.0,1.0,1.0,,4.0,2.0,1.0,,,,,,2.0,,1.0,,An Pháirc Mhór (Page),"The Irish form points to pháirc = field, mhór = big/great. This kind of name usually reflects working land—pasture, enclosed grazing, fields, or another farming use visible in the rural landscape.",Agricultural land use
PAULBEG,30.0,32.0,8.0,,29.0,21.0,6.0,,9.0,12.0,3.0,1.0,9.0,8.0,3.0,1.0,,,,,20.0,17.0,4.0,,An Poll Beag,The Irish form points to beag = small. It is best read as a traditional local place-name preserving how the landscape or community once identified the area.,Landscape or local identity
STOOPS,33.0,36.0,13.0,,9.0,7.0,3.0,,5.0,6.0,1.0,,4.0,3.0,1.0,,,,,,2.0,5.0,1.0,,Na Stoilp,The Irish form preserves an older Gaelic description of the place. It is best read as a traditional local place-name preserving how the landscape or community once identified the area.,Landscape or local identity
TOMACORK,105.0,100.0,34.0,3.0,59.0,53.0,21.0,1.0,47.0,58.0,19.0,1.0,45.0,52.0,18.0,2.0,,,,,33.0,35.0,12.0,,Tom an Choirce,"The Irish form points to tom = mound or bushy hillock. The emphasis is on the shape of the ground itself, so the name probably originated from a prominent hill, pass, ridge, rock, or upland feature.",Topography / landscape
TOMBREEN,166.0,166.0,49.0,,115.0,113.0,40.0,,89.0,75.0,30.0,,73.0,85.0,23.0,,,,,,73.0,60.0,27.0,1.0,An Tom Bréan,"The Irish form points to tom = mound or bushy hillock. The emphasis is on the shape of the ground itself, so the name probably originated from a prominent hill, pass, ridge, rock, or upland feature.",Topography / landscape
TOMNAFINNOGE,107.0,106.0,34.0,1.0,76.0,63.0,23.0,1.0,67.0,63.0,21.0,,23.0,26.0,10.0,,,,,,23.0,18.0,8.0,,Tom na Feannóige,"The Irish form points to tom = mound or bushy hillock. The emphasis is on the shape of the ground itself, so the name probably originated from a prominent hill, pass, ridge, rock, or upland feature.",Topography / landscape
UMRYGAR,40.0,38.0,14.0,,41.0,29.0,11.0,1.0,33.0,34.0,12.0,,26.0,27.0,10.0,,,,,,28.0,25.0,9.0,,An tIomaire Gearr,The Irish form preserves an older Gaelic description of the place. It is best read as a traditional local place-name preserving how the landscape or community once identified the area.,Landscape or local identity
BALLYCONNELL,166.0,160.0,53.0,4.0,124.0,120.0,39.0,3.0,92.0,94.0,34.0,2.0,83.0,78.0,30.0,,,,,,54.0,59.0,28.0,,Baile Uí Chonaill,"The Irish form points to baile = settlement or town, uí = family or clan association. That suggests the townland was remembered as a settlement, estate, or landholding linked to habitation or to a family name.",Settlement / family association
GOWLE,82.0,70.0,23.0,1.0,43.0,42.0,17.0,,31.0,34.0,15.0,,30.0,28.0,13.0,,,,,,29.0,27.0,13.0,,An Gabhal,The Irish form preserves an older Gaelic description of the place. It is best read as a traditional local place-name preserving how the landscape or community once identified the area.,Landscape or local identity
BOLEYBAWN,12.0,11.0,2.0,,12.0,8.0,2.0,,13.0,9.0,3.0,,11.0,10.0,3.0,,,,,,3.0,2.0,1.0,,An Bhuaile Bhán,"The Irish form points to bhuaile = booley or cattle enclosure, bhán = white or pale. This kind of name usually reflects working land—pasture, enclosed grazing, fields, or another farming use visible in the rural landscape.",Agricultural land use
COOLAFANCY,185.0,207.0,64.0,4.0,110.0,128.0,43.0,5.0,78.0,82.0,33.0,3.0,55.0,56.0,25.0,1.0,,,,,50.0,49.0,23.0,3.0,Cúil na Fuinse,The Irish form preserves an older Gaelic description of the place. It is best read as a traditional local place-name preserving how the landscape or community once identified the area.,Landscape or local identity
COOLROE,197.0,208.0,69.0,5.0,133.0,129.0,45.0,,111.0,86.0,34.0,,78.0,84.0,31.0,1.0,,,,,81.0,77.0,32.0,1.0,An Chúil Rua,The Irish form points to rua = red. It is best read as a traditional local place-name preserving how the landscape or community once identified the area.,Landscape or local identity
GORTEEN,44.0,39.0,13.0,1.0,27.0,26.0,11.0,,16.0,16.0,8.0,,14.0,12.0,5.0,,28.0,23.0,8.0,1.0,21.0,13.0,7.0,,An Goirtín,The Irish form preserves an older Gaelic description of the place. It is best read as a traditional local place-name preserving how the landscape or community once identified the area.,Landscape or local identity
GREENHALL,18.0,18.0,8.0,,5.0,6.0,3.0,,4.0,2.0,1.0,,1.0,3.0,1.0,,2.0,1.0,1.0,,4.0,3.0,1.0,,An Halla Glas,The Irish form points to glas = green/grey. It is best read as a traditional local place-name preserving how the landscape or community once identified the area.,Landscape or local identity
MOUNTPLEASANT,26.0,30.0,9.0,,21.0,19.0,5.0,,26.0,25.0,6.0,,18.0,14.0,5.0,,8.0,8.0,4.0,,7.0,14.0,5.0,,Mountpleasant,The Irish form preserves an older Gaelic description of the place. It is best read as a traditional local place-name preserving how the landscape or community once identified the area.,Landscape or local identity
RAHEENGLASS,27.0,19.0,6.0,,19.0,9.0,5.0,,10.0,6.0,4.0,,12.0,12.0,7.0,,6.0,7.0,4.0,,7.0,10.0,3.0,,An Ráithín Glas,"The Irish form points to ráithín = small ringfort, glas = green/grey. That wording often hints at an early enclosed site such as a ringfort or remembered fortification, suggesting long continuity of occupation.",Archaeological / enclosure
KNOCKEEN,113.0,89.0,33.0,1.0,90.0,85.0,29.0,3.0,62.0,62.0,22.0,,71.0,56.0,22.0,,55.0,57.0,21.0,,55.0,55.0,21.0,1.0,An Cnoicín,"The Irish form points to cnoicín = small hill. The emphasis is on the shape of the ground itself, so the name probably originated from a prominent hill, pass, ridge, rock, or upland feature.",Topography / landscape
KNOCKLOE,32.0,29.0,7.0,,21.0,17.0,6.0,,14.0,16.0,6.0,,17.0,11.0,6.0,,22.0,21.0,8.0,,14.0,10.0,6.0,,Cnoc Luaithe,"The Irish form points to cnoc = hill. The emphasis is on the shape of the ground itself, so the name probably originated from a prominent hill, pass, ridge, rock, or upland feature.",Topography / landscape
LISCOLMAN,139.0,137.0,39.0,,118.0,97.0,30.0,2.0,91.0,74.0,27.0,,68.0,80.0,26.0,,74.0,65.0,23.0,,63.0,51.0,22.0,,Lios Colmáin,"The Irish form points to lios = ringfort or enclosed court. That wording often hints at an early enclosed site such as a ringfort or remembered fortification, suggesting long continuity of occupation.",Archaeological / enclosure
RATH EAST,49.0,51.0,11.0,,35.0,34.0,10.0,1.0,22.0,28.0,10.0,,18.0,19.0,9.0,,22.0,20.0,8.0,,15.0,12.0,7.0,,An Ráth Thoir,"The Irish form points to ráth = ringfort or enclosed settlement, thoir = east. That wording often hints at an early enclosed site such as a ringfort or remembered fortification, suggesting long continuity of occupation.",Archaeological / enclosure
BALISLAND,72.0,74.0,23.0,,36.0,50.0,17.0,1.0,37.0,39.0,12.0,,32.0,42.0,11.0,1.0,38.0,37.0,11.0,,40.0,28.0,11.0,1.0,Baile Uí Aoláin,"The Irish form points to baile = settlement or town, uí = family or clan association. That suggests the townland was remembered as a settlement, estate, or landholding linked to habitation or to a family name.",Settlement / family association
BALLYKNOCKER EAST,2.0,5.0,1.0,,,,,,,,,,,,,,,,,,,,,,Baile Chnocair Thoir,"The Irish form points to baile = settlement or town, thoir = east. That suggests the townland was remembered as a settlement, estate, or landholding linked to habitation or to a family name.",Settlement / family association
BALLYKNOCKER WEST,3.0,1.0,1.0,,4.0,4.0,2.0,,4.0,4.0,2.0,,,,,,6.0,8.0,2.0,,5.0,6.0,2.0,,Baile Chnocair Thiar,"The Irish form points to baile = settlement or town, thiar = west. That suggests the townland was remembered as a settlement, estate, or landholding linked to habitation or to a family name.",Settlement / family association
BALLYNAVORTHA,24.0,19.0,8.0,,25.0,23.0,8.0,,22.0,25.0,6.0,,16.0,21.0,6.0,,8.0,15.0,4.0,1.0,10.0,11.0,5.0,,Baile na bhFórtach,"The Irish form points to baile = settlement or town. That suggests the townland was remembered as a settlement, estate, or landholding linked to habitation or to a family name.",Settlement / family association
BARNAMUINGA,50.0,56.0,17.0,,23.0,19.0,9.0,,18.0,15.0,9.0,,15.0,18.0,8.0,,10.0,13.0,5.0,,4.0,4.0,2.0,,Barr na Moinge,The Irish form preserves an older Gaelic description of the place. It is best read as a traditional local place-name preserving how the landscape or community once identified the area.,Landscape or local identity
COOLROSS,81.0,78.0,24.0,,56.0,50.0,18.0,,41.0,44.0,15.0,,46.0,36.0,14.0,,41.0,37.0,12.0,,26.0,28.0,11.0,,Cúil Rois,The Irish form preserves an older Gaelic description of the place. It is best read as a traditional local place-name preserving how the landscape or community once identified the area.,Landscape or local identity
MINMORE,25.0,24.0,7.0,,25.0,17.0,5.0,,16.0,21.0,4.0,,12.0,14.0,3.0,,11.0,9.0,4.0,,12.0,9.0,4.0,,Mionn Mór,The Irish form points to mór = big/great. It is best read as a traditional local place-name preserving how the landscape or community once identified the area.,Landscape or local identity
MOYLISHA,91.0,71.0,25.0,,37.0,43.0,18.0,,43.0,37.0,15.0,,40.0,37.0,14.0,,39.0,44.0,14.0,,29.0,33.0,13.0,,Maoilise,The Irish form preserves an older Gaelic description of the place. It is best read as a traditional local place-name preserving how the landscape or community once identified the area.,Landscape or local identity
NEWRY,141.0,114.0,30.0,,91.0,75.0,23.0,2.0,74.0,59.0,21.0,2.0,56.0,49.0,19.0,,54.0,62.0,21.0,1.0,52.0,53.0,21.0,,An Iúraigh,"The Irish form points to iúraigh = yew place. This suggests the place was identified by vegetation, woodland, bog, scrub, or another natural cover that stood out locally.",Vegetation / land cover
RAHEENGRANEY,95.0,83.0,24.0,1.0,84.0,67.0,21.0,3.0,62.0,51.0,19.0,1.0,59.0,62.0,19.0,,55.0,55.0,18.0,1.0,48.0,37.0,17.0,,Ráithín Ghráinne,"The Irish form points to ráithín = small ringfort. That wording often hints at an early enclosed site such as a ringfort or remembered fortification, suggesting long continuity of occupation.",Archaeological / enclosure
BALLYMARROGE,31.0,33.0,10.0,2.0,18.0,20.0,6.0,2.0,18.0,14.0,6.0,,16.0,13.0,4.0,,15.0,9.0,4.0,,8.0,10.0,3.0,1.0,0,The Irish form preserves an older Gaelic description of the place. It is best read as a traditional local place-name preserving how the landscape or community once identified the area.,Landscape or local identity
BALLYNULTAGH,313.0,308.0,102.0,5.0,169.0,180.0,61.0,7.0,125.0,97.0,37.0,2.0,142.0,149.0,50.0,,155.0,151.0,52.0,1.0,166.0,154.0,55.0,4.0,Baile an Ultaigh,"The Irish form points to baile = settlement or town. That suggests the townland was remembered as a settlement, estate, or landholding linked to habitation or to a family name.",Settlement / family association
BALLYRAHEEN,98.0,106.0,31.0,2.0,85.0,95.0,28.0,,72.0,70.0,23.0,,66.0,71.0,23.0,1.0,64.0,61.0,24.0,1.0,50.0,51.0,24.0,1.0,Baile an Ráithín,"The Irish form points to baile = settlement or town, ráithín = small ringfort. That wording often hints at an early enclosed site such as a ringfort or remembered fortification, suggesting long continuity of occupation.",Archaeological / enclosure
CRONELEA,67.0,63.0,18.0,1.0,27.0,21.0,7.0,1.0,23.0,15.0,6.0,,21.0,30.0,7.0,,25.0,33.0,8.0,1.0,28.0,29.0,10.0,,Corrán na Liath,"The Irish form points to corrán = sickle-shaped strip or corner. This kind of name usually reflects working land—pasture, enclosed grazing, fields, or another farming use visible in the rural landscape.",Agricultural land use
KILQUIGGIN,98.0,96.0,31.0,3.0,61.0,67.0,23.0,5.0,31.0,25.0,10.0,,24.0,25.0,9.0,,25.0,19.0,7.0,1.0,23.0,20.0,8.0,,Cill Chuiginne,"The Irish form points to cill = church or early ecclesiastical site. The name likely preserves a church, saint, cross, or holy well association, which can point to an older religious landmark in the locality.",Ecclesiastical / devotional
KNOCKATOMCOYLE,194.0,190.0,58.0,2.0,133.0,103.0,44.0,3.0,104.0,90.0,40.0,1.0,111.0,88.0,34.0,,102.0,93.0,35.0,1.0,84.0,81.0,32.0,,Cnoc na dTom Coill,"The Irish form points to cnoc = hill, coill = wood. The emphasis is on the shape of the ground itself, so the name probably originated from a prominent hill, pass, ridge, rock, or upland feature.",Topography / landscape
LARAGH,41.0,41.0,13.0,2.0,23.0,18.0,9.0,3.0,20.0,16.0,6.0,1.0,14.0,19.0,8.0,,15.0,21.0,6.0,,15.0,17.0,5.0,,An Láithreach,The Irish form preserves an older Gaelic description of the place. It is best read as a traditional local place-name preserving how the landscape or community once identified the area.,Landscape or local identity
SESKIN,51.0,42.0,13.0,1.0,44.0,37.0,12.0,,39.0,34.0,12.0,,27.0,52.0,11.0,,29.0,28.0,10.0,,24.0,23.0,10.0,,An Seisceann,The Irish form preserves an older Gaelic description of the place. It is best read as a traditional local place-name preserving how the landscape or community once identified the area.,Landscape or local identity
STRANAKELLY,109.0,91.0,33.0,,70.0,62.0,25.0,2.0,68.0,64.0,20.0,1.0,66.0,52.0,19.0,,44.0,48.0,18.0,1.0,30.0,30.0,18.0,,Sraith na Caillí,The Irish form preserves an older Gaelic description of the place. It is best read as a traditional local place-name preserving how the landscape or community once identified the area.,Landscape or local identity
BALLYNULTAGH,19.0,20.0,5.0,,17.0,14.0,4.0,,15.0,12.0,4.0,,13.0,12.0,4.0,1.0,,,,,12.0,12.0,4.0,,Baile an Ultaigh,"The Irish form points to baile = settlement or town. That suggests the townland was remembered as a settlement, estate, or landholding linked to habitation or to a family name.",Settlement / family association
KNOCKNABOLEY,49.0,30.0,12.0,,18.0,13.0,4.0,1.0,14.0,13.0,4.0,,13.0,10.0,3.0,1.0,14.0,11.0,3.0,,14.0,12.0,4.0,,Cnoc na Buaile,"The Irish form points to cnoc = hill, buaile = booley or cattle enclosure. This kind of name usually reflects working land—pasture, enclosed grazing, fields, or another farming use visible in the rural landscape.",Agricultural land use
BOLEY,35.0,22.0,8.0,,25.0,25.0,7.0,,18.0,20.0,6.0,,14.0,10.0,5.0,,,,,,13.0,10.0,4.0,,An Bhuaile,"The Irish form points to bhuaile = booley or cattle enclosure. This kind of name usually reflects working land—pasture, enclosed grazing, fields, or another farming use visible in the rural landscape.",Agricultural land use
SESKIN,34.0,31.0,9.0,,27.0,24.0,6.0,,19.0,17.0,4.0,,19.0,22.0,6.0,,19.0,12.0,5.0,1.0,13.0,12.0,8.0,,An Seisceann,The Irish form preserves an older Gaelic description of the place. It is best read as a traditional local place-name preserving how the landscape or community once identified the area.,Landscape or local identity
