normalized_name,json_townland,csv_townland,census_townland,in_json,in_csv,in_census,csv_to_json_match,csv_to_census_match,record_count,approval_status
KILLINANE,,Killinane,,NO,YES,NO,NO MATCH,NO MATCH,4,APPROVED
BULLINGATE,,Bullingate,,NO,YES,NO,NO MATCH,NO MATCH,58,APPROVED
RATHINEAGH,,Rathineagh,,NO,YES,NO,NO MATCH,NO MATCH,2,APPROVED
KNOCKADOOMEAGLE,,Knockadoomeagle,,NO,YES,NO,NO MATCH,NO MATCH,2,APPROVED
LASCOLERNAN,,Lascolernan,,NO,YES,NO,NO MATCH,NO MATCH,1,APPROVED
BALLYVOLEN,,Ballyvolen,,NO,YES,NO,NO MATCH,NO MATCH,6,APPROVED
KILLINURE,KILLINURE,Killinure,KILLINURE,YES,YES,YES,FUZZY (100%),EXACT,445,PENDING_REVIEW
TUBBERTONAGH,,Tubbertonagh,,NO,YES,NO,NO MATCH,NO MATCH,1,APPROVED
COOLBOY AND HILLBROOK,,Coolboy and Hillbrook,,NO,YES,NO,NO MATCH,NO MATCH,4,APPROVED
CRONE,CRONE,Crone,CRONE,YES,YES,YES,FUZZY (100%),EXACT,18,PENDING_REVIEW
RAOTH?,,Raoth?,,NO,YES,NO,NO MATCH,NO MATCH,1,APPROVED
NEWCASTLE AND BLACKDITCH,,Newcastle and Blackditch,,NO,YES,NO,NO MATCH,NO MATCH,2,APPROVED
SLEAGHROOL,,Sleaghrool,,NO,YES,NO,NO MATCH,NO MATCH,3,APPROVED
RUSNASTRAW,,Rusnastraw,,NO,YES,NO,NO MATCH,NO MATCH,2,APPROVED
SEABEGG,,Seabegg,,NO,YES,NO,NO MATCH,NO MATCH,2,APPROVED
FARNESS,,Farness,,NO,YES,NO,NO MATCH,NO MATCH,5,APPROVED
MOLONASKEY,,Molonaskey,,NO,YES,NO,NO MATCH,NO MATCH,3,APPROVED
PEPPERLANDS,,Pepperlands,,NO,YES,NO,NO MATCH,NO MATCH,1,APPROVED
TOWERBOY & BALLINGUOLE,,Towerboy & Ballinguole,,NO,YES,NO,NO MATCH,NO MATCH,4,APPROVED
GLENFILLIPPEEN,,Glenfillippeen,,NO,YES,NO,NO MATCH,NO MATCH,13,APPROVED
ASKILLEAGH,,Askilleagh,,NO,YES,NO,NO MATCH,NO MATCH,2,APPROVED
BLACKDITCH AND BALLYADOCK,,Blackditch and Ballyadock,,NO,YES,NO,NO MATCH,NO MATCH,1,APPROVED
PARKMORE,PARKMORE,Parkmore,PARKMORE,YES,YES,YES,FUZZY (100%),EXACT,23,PENDING_REVIEW
KNOCKLOW,,Knocklow,,NO,YES,NO,NO MATCH,NO MATCH,65,APPROVED
MOATABOWER (CO. WEXFORD),,Moatabower (Co. Wexford),,NO,YES,NO,NO MATCH,NO MATCH,1,APPROVED
RATHMORE,,Rathmore,,NO,YES,NO,NO MATCH,NO MATCH,5,APPROVED
GOULD,,Gould,,NO,YES,NO,NO MATCH,NO MATCH,4,APPROVED
MANGANS,MANGANS,Mangans,MANGANS,YES,YES,YES,FUZZY (100%),EXACT,44,PENDING_REVIEW
BALLINAVORTA,,Ballinavorta,,NO,YES,NO,NO MATCH,NO MATCH,7,APPROVED
KILLIBEGS,,Killibegs,,NO,YES,NO,NO MATCH,NO MATCH,7,APPROVED
PARK AND DRUMMIN,,Park and Drummin,,NO,YES,NO,NO MATCH,NO MATCH,3,APPROVED
KILMULLIN,,Kilmullin,,NO,YES,NO,NO MATCH,NO MATCH,1,APPROVED
CROSSBRIDGE,,Crossbridge,,NO,YES,NO,NO MATCH,NO MATCH,5,APPROVED
BALLINULTON,,Ballinulton,,NO,YES,NO,NO MATCH,NO MATCH,1,APPROVED
KNNOCKADOOMCOYLE,,Knnockadoomcoyle,,NO,YES,NO,NO MATCH,NO MATCH,2,APPROVED
KILPIPE AND COOLBAWN,,Kilpipe and Coolbawn,,NO,YES,NO,NO MATCH,NO MATCH,5,APPROVED
BALLYNERRA,,Ballynerra,,NO,YES,NO,NO MATCH,NO MATCH,1,APPROVED
GLENYSHOKE AND BALLINGATE,,Glenyshoke and Ballingate,,NO,YES,NO,NO MATCH,NO MATCH,1,APPROVED
"[""KYLE"" STRUCK OUT] BALLYCUMBER",,"[""Kyle"" struck out] Ballycumber",,NO,YES,NO,NO MATCH,NO MATCH,1,APPROVED
NEW ROE,,New Roe,,NO,YES,NO,NO MATCH,NO MATCH,9,APPROVED
BALLYSHONOG,BALLYSHONOG,Ballyshonog,BALLYSHONOG,YES,YES,YES,FUZZY (100%),EXACT,17,PENDING_REVIEW
COOLFEANEY?,,Coolfeaney?,,NO,YES,NO,NO MATCH,NO MATCH,1,APPROVED
RATHMEIGUE,,Rathmeigue,,NO,YES,NO,NO MATCH,NO MATCH,7,APPROVED
BALLYNAMANOGE,BALLYNAMANOGE,Ballynamanoge,BALLYNAMANOGE,YES,YES,YES,FUZZY (100%),EXACT,6,PENDING_REVIEW
BALLYMARROGE,BALLYMARROGE,Ballymarroge,BALLYMARROGE,YES,YES,YES,FUZZY (100%),EXACT,7,PENDING_REVIEW
[FARNEES STRUCK OUT] CORRAVANISH,,[Farnees struck out] Corravanish,,NO,YES,NO,NO MATCH,NO MATCH,1,APPROVED
MONEY LOWER,MONEY LOWER,Money Lower,MONEY LOWER,YES,YES,YES,FUZZY (100%),EXACT,8,PENDING_REVIEW
RATHCOTT,,Rathcott,,NO,YES,NO,NO MATCH,NO MATCH,3,APPROVED
BALLINACOR,BALLINACOR,Ballinacor,BALLINACOR,YES,YES,YES,FUZZY (100%),EXACT,7,PENDING_REVIEW
BALLYTUSKIN,,Ballytuskin,,NO,YES,NO,NO MATCH,NO MATCH,11,APPROVED
MULLANS SOUTH,MULLANS SOUTH,,MULLANS SOUTH,YES,NO,YES,NO MATCH,NO MATCH,0,APPROVED
SLIVERROE,,Sliverroe,,NO,YES,NO,NO MATCH,NO MATCH,2,APPROVED
BALLYGANNON COTTAGES,,Ballygannon Cottages,,NO,YES,NO,NO MATCH,NO MATCH,2,APPROVED
KILILNURE,,Kililnure,,NO,YES,NO,NO MATCH,NO MATCH,1,APPROVED
KILEAVAN LOWER,,Kileavan Lower,,NO,YES,NO,NO MATCH,NO MATCH,1,APPROVED
CARRIGATHEME,CARRIGATHEME,Carrigatheme,CARRIGATHEME,YES,YES,YES,FUZZY (100%),EXACT,1,PENDING_REVIEW
MONAPHULLEN,,Monaphullen,,NO,YES,NO,NO MATCH,NO MATCH,17,APPROVED
BOLEYNAKILL & BARRENBAWN,,Boleynakill & Barrenbawn,,NO,YES,NO,NO MATCH,NO MATCH,1,APPROVED
SLIEVEMWEEL,SLIEVEMWEEL,Slievemweel,SLIEVEMWEEL,YES,YES,YES,FUZZY (100%),EXACT,29,PENDING_REVIEW
DUNBAN,,Dunban,,NO,YES,NO,NO MATCH,NO MATCH,1,APPROVED
TINAHELY MORTONS,,Tinahely Mortons,,NO,YES,NO,NO MATCH,NO MATCH,1,APPROVED
MOYNE,MOYNE,Moyne,MOYNE,YES,YES,YES,FUZZY (100%),EXACT,90,PENDING_REVIEW
MULINS,,Mulins,,NO,YES,NO,NO MATCH,NO MATCH,1,APPROVED
GLENPHILIPEEN/TINAHELY,,Glenphilipeen/Tinahely,,NO,YES,NO,NO MATCH,NO MATCH,9,APPROVED
PREBAN AT TOMCOYLE,,Preban at Tomcoyle,,NO,YES,NO,NO MATCH,NO MATCH,8,APPROVED
KILLABEG,KILLABEG,Killabeg,KILLABEG,YES,YES,YES,FUZZY (100%),EXACT,8,PENDING_REVIEW
TANSEY CLOSE,,Tansey Close,,NO,YES,NO,NO MATCH,NO MATCH,5,APPROVED
COOLAFANCY,COOLAFANCY,Coolafancy,COOLAFANCY,YES,YES,YES,FUZZY (100%),EXACT,3,PENDING_REVIEW
CRONYHORN,,Cronyhorn,,NO,YES,NO,NO MATCH,NO MATCH,40,APPROVED
RAHEEGLASS,,Raheeglass,,NO,YES,NO,NO MATCH,NO MATCH,1,APPROVED
KILPOOLE,,Kilpoole,,NO,YES,NO,NO MATCH,NO MATCH,3,APPROVED
ROSBANE,ROSBANE,Rosbane,ROSBANE,YES,YES,YES,FUZZY (100%),EXACT,12,PENDING_REVIEW
PARK AT DRUMMIN,,Park at Drummin,,NO,YES,NO,NO MATCH,NO MATCH,11,APPROVED
HARNEY AT CARNACANICK,,Harney at Carnacanick,,NO,YES,NO,NO MATCH,NO MATCH,2,APPROVED
CARRICKGALTER,,Carrickgalter,,NO,YES,NO,NO MATCH,NO MATCH,6,APPROVED
TOMCOYLE + PREBAN,,Tomcoyle + Preban,,NO,YES,NO,NO MATCH,NO MATCH,2,APPROVED
DEERPARK,DEERPARK,Deerpark,,YES,YES,NO,FUZZY (100%),NO MATCH,1,PENDING_REVIEW
KILLILEAGE,,Killileage,,NO,YES,NO,NO MATCH,NO MATCH,9,APPROVED
BALLYBEG,BALLYBEG,Ballybeg,BALLYBEG,YES,YES,YES,FUZZY (100%),EXACT,17,PENDING_REVIEW
SLEAGHCOYLE AND SLEAGHROE,,Sleaghcoyle and Sleaghroe,,NO,YES,NO,NO MATCH,NO MATCH,1,APPROVED
TOMACORK (IN LEASE),,Tomacork (in lease),,NO,YES,NO,NO MATCH,NO MATCH,1,APPROVED
CRONEYHORN,,Croneyhorn,,NO,YES,NO,NO MATCH,NO MATCH,50,APPROVED
CHURCHLAND,CHURCHLAND,Churchland,CHURCHLAND,YES,YES,YES,FUZZY (100%),EXACT,6,PENDING_REVIEW
COOLKENNO,,Coolkenno,,NO,YES,NO,NO MATCH,NO MATCH,69,APPROVED
BALLYTUSKIST,,Ballytuskist,,NO,YES,NO,NO MATCH,NO MATCH,1,APPROVED
MONAGHCULLEN,,Monaghcullen,,NO,YES,NO,NO MATCH,NO MATCH,8,APPROVED
KILBALLY,,Kilbally,,NO,YES,NO,NO MATCH,NO MATCH,1,APPROVED
TOBERLOWNAGH,TOBERLOWNAGH,Toberlownagh,TOBERLOWNAGH,YES,YES,YES,FUZZY (100%),EXACT,15,PENDING_REVIEW
ARDOYNE,ARDOYNE,Ardoyne,ARDOYNE,YES,YES,YES,FUZZY (100%),EXACT,138,PENDING_REVIEW
GARRYHOE (SIC),,Garryhoe (sic),,NO,YES,NO,NO MATCH,NO MATCH,2,APPROVED
BOLEYNAKILL,,Boleynakill,,NO,YES,NO,NO MATCH,NO MATCH,5,APPROVED
BOLARNEW MURRAGH & ISLAND,,Bolarnew Murragh & Island,,NO,YES,NO,NO MATCH,NO MATCH,1,APPROVED
RASHUNNORE,,Rashunnore,,NO,YES,NO,NO MATCH,NO MATCH,1,APPROVED
CRONYTHORN,,Cronythorn,,NO,YES,NO,NO MATCH,NO MATCH,24,APPROVED
TINAHELY FLAHERTYS,,Tinahely Flahertys,,NO,YES,NO,NO MATCH,NO MATCH,1,APPROVED
MONAGRULLEN,,Monagrullen,,NO,YES,NO,NO MATCH,NO MATCH,1,APPROVED
AGHOWLE LOWER,AGHOWLE LOWER,Aghowle Lower,AGHOWLE LOWER,YES,YES,YES,FUZZY (100%),EXACT,18,PENDING_REVIEW
TOMEAGLE AND PREBAN,,Tomeagle and Preban,,NO,YES,NO,NO MATCH,NO MATCH,4,APPROVED
TOMACOYLE,,Tomacoyle,,NO,YES,NO,NO MATCH,NO MATCH,3,APPROVED
BURKEEN,,Burkeen,,NO,YES,NO,NO MATCH,NO MATCH,17,APPROVED
RASHENMORE,,Rashenmore,,NO,YES,NO,NO MATCH,NO MATCH,178,APPROVED
BALLYKELLY,BALLYKELLY,Ballykelly,BALLYKELLY,YES,YES,YES,FUZZY (100%),EXACT,137,PENDING_REVIEW
TINIHALEY & COOLBAWN,,Tinihaley & Coolbawn,,NO,YES,NO,NO MATCH,NO MATCH,2,APPROVED
URRIGAN,,Urrigan,,NO,YES,NO,NO MATCH,NO MATCH,12,APPROVED
COOLHANICA ?,,Coolhanica ?,,NO,YES,NO,NO MATCH,NO MATCH,1,APPROVED
MINMORE,MINMORE,Minmore,MINMORE,YES,YES,YES,FUZZY (100%),EXACT,91,PENDING_REVIEW
NEWALLARD [?],,Newallard [?],,NO,YES,NO,NO MATCH,NO MATCH,2,APPROVED
CARRICKACROW,,Carrickacrow,,NO,YES,NO,NO MATCH,NO MATCH,30,APPROVED
CORROVANISH,,Corrovanish,,NO,YES,NO,NO MATCH,NO MATCH,1,APPROVED
TINHELY,,Tinhely,,NO,YES,NO,NO MATCH,NO MATCH,1,APPROVED
BAHANA,,Bahana,,NO,YES,NO,NO MATCH,NO MATCH,2,APPROVED
COOLAFUNSHOGE,COOLAFUNSHOGE,Coolafunshoge,COOLAFUNSHOGE,YES,YES,YES,FUZZY (100%),EXACT,10,PENDING_REVIEW
RUDDENAGH,,Ruddenagh,,NO,YES,NO,NO MATCH,NO MATCH,34,APPROVED
"TULLOWCLAY,",,"Tullowclay,",,NO,YES,NO,NO MATCH,NO MATCH,4,APPROVED
KNOCKADOOMCOYLE PARK,,Knockadoomcoyle Park,,NO,YES,NO,NO MATCH,NO MATCH,1,APPROVED
BALLYBEGG AND GARRYHOW,,Ballybegg and Garryhow,,NO,YES,NO,NO MATCH,NO MATCH,2,APPROVED
MULLANNASKEAGH,MULLANNASKEAGH,Mullannaskeagh,MULLANNASKEAGH,YES,YES,YES,FUZZY (100%),EXACT,1,PENDING_REVIEW
MINMORE AT RATHNAKILL,,Minmore at Rathnakill,,NO,YES,NO,NO MATCH,NO MATCH,1,APPROVED
BALLINASTRAW,,Ballinastraw,,NO,YES,NO,NO MATCH,NO MATCH,2,APPROVED
BALLINGLEN,BALLINGLEN,Ballinglen,,YES,YES,NO,FUZZY (100%),NO MATCH,79,PENDING_REVIEW
BARRINBACON,,Barrinbacon,,NO,YES,NO,NO MATCH,NO MATCH,1,APPROVED
KILLIBEGGE,,Killibegge,,NO,YES,NO,NO MATCH,NO MATCH,3,APPROVED
SLIEVEROE,SLIEVEROE,Slieveroe,SLIEVEROE,YES,YES,YES,FUZZY (100%),EXACT,16,PENDING_REVIEW
RUSKEEN,,Ruskeen,,NO,YES,NO,NO MATCH,NO MATCH,2,APPROVED
CORRANDAGG,,Corrandagg,,NO,YES,NO,NO MATCH,NO MATCH,2,APPROVED
RATHINGRANY,,Rathingrany,,NO,YES,NO,NO MATCH,NO MATCH,29,APPROVED
UMRIGAR,,Umrigar,,NO,YES,NO,NO MATCH,NO MATCH,23,APPROVED
CURRAGHLAWN,CURRAGHLAWN,,CURRAGHLAWN,YES,NO,YES,NO MATCH,NO MATCH,0,APPROVED
BALLICIONOGUE,,Ballicionogue,,NO,YES,NO,NO MATCH,NO MATCH,49,APPROVED
KILCASEN,,Kilcasen,,NO,YES,NO,NO MATCH,NO MATCH,5,APPROVED
TOMNARKALY ???,,Tomnarkaly ???,,NO,YES,NO,NO MATCH,NO MATCH,1,APPROVED
WICKLOW AND DRUMKEY,,Wicklow and Drumkey,,NO,YES,NO,NO MATCH,NO MATCH,1,APPROVED
SLIEVEBOY LOWER,SLIEVEBOY LOWER,,SLIEVEBOY LOWER,YES,NO,YES,NO MATCH,NO MATCH,0,APPROVED
RATHINGRANCY,,Rathingrancy,,NO,YES,NO,NO MATCH,NO MATCH,2,APPROVED
GLENPHILIPEEN,GLENPHILIPEEN,Glenphilipeen,GLENPHILIPEEN,YES,YES,YES,FUZZY (100%),EXACT,12,PENDING_REVIEW
BALLYROLAN,,Ballyrolan,,NO,YES,NO,NO MATCH,NO MATCH,2,APPROVED
PREBAN,PREBAN,Preban,PREBAN,YES,YES,YES,FUZZY (100%),EXACT,29,PENDING_REVIEW
ROSNAKILL,,Rosnakill,,NO,YES,NO,NO MATCH,NO MATCH,6,APPROVED
KILEAVEN,,Kileaven,,NO,YES,NO,NO MATCH,NO MATCH,1,APPROVED
KILLADRENNAN,,Killadrennan,,NO,YES,NO,NO MATCH,NO MATCH,1,APPROVED
NEWCASTLE,,Newcastle,,NO,YES,NO,NO MATCH,NO MATCH,47,APPROVED
KILAVENEY,,Kilaveney,,NO,YES,NO,NO MATCH,NO MATCH,27,APPROVED
TOMNASCHALEY,,Tomnaschaley,,NO,YES,NO,NO MATCH,NO MATCH,4,APPROVED
BALLLYGANNON,,Balllygannon,,NO,YES,NO,NO MATCH,NO MATCH,1,APPROVED
PARK ALIAS DRUMIN,,Park alias Drumin,,NO,YES,NO,NO MATCH,NO MATCH,4,APPROVED
WICKLOW,,Wicklow,,NO,YES,NO,NO MATCH,NO MATCH,7,APPROVED
SLIEVEBOY UPPER,SLIEVEBOY UPPER,,SLIEVEBOY UPPER,YES,NO,YES,NO MATCH,NO MATCH,0,APPROVED
CARNEY,,Carney,,NO,YES,NO,NO MATCH,NO MATCH,12,APPROVED
RATHCOYLE LOWER,RATHCOYLE LOWER,Rathcoyle Lower,RATHCOYLE LOWER,YES,YES,YES,FUZZY (100%),EXACT,1,PENDING_REVIEW
COOLFANCY,,Coolfancy,,NO,YES,NO,NO MATCH,NO MATCH,248,APPROVED
BALLYCUMBER NORTH,BALLYCUMBER NORTH,Ballycumber North,BALLYCUMBER NORTH,YES,YES,YES,FUZZY (100%),EXACT,11,PENDING_REVIEW
BALLINMOGAN,,Ballinmogan,,NO,YES,NO,NO MATCH,NO MATCH,1,APPROVED
CARRICKNAMEAL,,Carricknameal,,NO,YES,NO,NO MATCH,NO MATCH,35,APPROVED
TOMCOYLE AND PREBAN,,Tomcoyle and Preban,,NO,YES,NO,NO MATCH,NO MATCH,9,APPROVED
BALLYGANNON AT TANSEY CLOSE,,Ballygannon at Tansey Close,,NO,YES,NO,NO MATCH,NO MATCH,4,APPROVED
RATHINGEANEY,,Rathingeaney,,NO,YES,NO,NO MATCH,NO MATCH,17,APPROVED
RATHDRUM,,Rathdrum,,NO,YES,NO,NO MATCH,NO MATCH,7,APPROVED
COOLBRY,,Coolbry,,NO,YES,NO,NO MATCH,NO MATCH,1,APPROVED
BALLYCUMBER SOUTH,BALLYCUMBER SOUTH,Ballycumber South,BALLYCUMBER SOUTH,YES,YES,YES,FUZZY (100%),EXACT,20,PENDING_REVIEW
TINAHALEY AND BALLINACORBY,,Tinahaley and Ballinacorby,,NO,YES,NO,NO MATCH,NO MATCH,1,APPROVED
BALLINGUILEHILL,BALLINGUILEHILL,,BALLINGUILEHILL,YES,NO,YES,NO MATCH,NO MATCH,0,APPROVED
TOMIFINOGUE,,Tomifinogue,,NO,YES,NO,NO MATCH,NO MATCH,2,APPROVED
"MULLANS, NORTH",,"Mullans, North",,NO,YES,NO,NO MATCH,NO MATCH,6,APPROVED
MUNNY IMP.,,Munny Imp.,,NO,YES,NO,NO MATCH,NO MATCH,1,APPROVED
LASCOLMAN,,Lascolman,,NO,YES,NO,NO MATCH,NO MATCH,7,APPROVED
SLEAGHROE,,Sleaghroe,,NO,YES,NO,NO MATCH,NO MATCH,116,APPROVED
CARRIGACROW,,Carrigacrow,,NO,YES,NO,NO MATCH,NO MATCH,17,APPROVED
TINAHELY & LUGDUFFE,,Tinahely & Lugduffe,,NO,YES,NO,NO MATCH,NO MATCH,2,APPROVED
COOLATTIN,COOLATTIN,Coolattin,COOLATTIN,YES,YES,YES,FUZZY (100%),EXACT,132,PENDING_REVIEW
RAHEENAKIT,RAHEENAKIT,Raheenakit,RAHEENAKIT,YES,YES,YES,FUZZY (100%),EXACT,2,PENDING_REVIEW
RATH EAST,RATH EAST,,RATH EAST,YES,NO,YES,NO MATCH,NO MATCH,0,APPROVED
KILBALLYOWEN,KILBALLYOWEN,Kilballyowen,KILBALLYOWEN,YES,YES,YES,FUZZY (100%),EXACT,188,PENDING_REVIEW
BALLINALLA,,Ballinalla,,NO,YES,NO,NO MATCH,NO MATCH,3,APPROVED
RATHDRUM AND BALLYGANNON,,Rathdrum and Ballygannon,,NO,YES,NO,NO MATCH,NO MATCH,1,APPROVED
PAULBEG,PAULBEG,Paulbeg,PAULBEG,YES,YES,YES,FUZZY (100%),EXACT,1,PENDING_REVIEW
MULLENS,,Mullens,,NO,YES,NO,NO MATCH,NO MATCH,4,APPROVED
TOMBREEN,TOMBREEN,Tombreen,TOMBREEN,YES,YES,YES,FUZZY (100%),EXACT,2,PENDING_REVIEW
COOLRUSS AND TINAHALEY,,Coolruss and Tinahaley,,NO,YES,NO,NO MATCH,NO MATCH,1,APPROVED
SLIEVEBOY UPPER & LOWER,,Slieveboy Upper & Lower,,NO,YES,NO,NO MATCH,NO MATCH,7,APPROVED
BALLENGLEN,,Ballenglen,,NO,YES,NO,NO MATCH,NO MATCH,6,APPROVED
BRIDGELAND,BRIDGELAND,Bridgeland,BRIDGELAND,YES,YES,YES,FUZZY (100%),EXACT,1,PENDING_REVIEW
HILLBROOK AT BARDMORE,,Hillbrook at Bardmore,,NO,YES,NO,NO MATCH,NO MATCH,1,APPROVED
WICKLOW AT BOLARNEY,,Wicklow at Bolarney,,NO,YES,NO,NO MATCH,NO MATCH,2,APPROVED
BALLARD AND CRONE,,Ballard and Crone,,NO,YES,NO,NO MATCH,NO MATCH,1,APPROVED
KILAVENY,,Kilaveny,,NO,YES,NO,NO MATCH,NO MATCH,8,APPROVED
CORRAVANISH,,Corravanish,,NO,YES,NO,NO MATCH,NO MATCH,5,APPROVED
NEWRY,NEWRY,Newry,NEWRY,YES,YES,YES,FUZZY (100%),EXACT,1,PENDING_REVIEW
WHITEFIELD,WHITEFIELD,Whitefield,WHITEFIELD,YES,YES,YES,FUZZY (100%),EXACT,6,PENDING_REVIEW
BOLARNEY AND BURKEEN,,Bolarney and Burkeen,,NO,YES,NO,NO MATCH,NO MATCH,1,APPROVED
BALISLAND,BALISLAND,Balisland,BALISLAND,YES,YES,YES,FUZZY (100%),EXACT,1,PENDING_REVIEW
TANKERSLEY,,Tankersley,,NO,YES,NO,NO MATCH,NO MATCH,8,APPROVED
BALLAGH,BALLAGH,Ballagh,BALLAGH,YES,YES,YES,FUZZY (100%),EXACT,111,PENDING_REVIEW
TINEHALEY/COOLRAN,,Tinehaley/Coolran,,NO,YES,NO,NO MATCH,NO MATCH,1,APPROVED
RATH & RATH-EAST,,Rath & Rath-East,,NO,YES,NO,NO MATCH,NO MATCH,11,APPROVED
BOLEYNAKILL AND STUMP,,Boleynakill and Stump,,NO,YES,NO,NO MATCH,NO MATCH,1,APPROVED
CRONELEA,CRONELEA,Cronelea,CRONELEA,YES,YES,YES,FUZZY (100%),EXACT,104,PENDING_REVIEW
CRONYHORN LOWER,CRONYHORN LOWER,Cronyhorn Lower,CRONYHORN LOWER,YES,YES,YES,FUZZY (100%),EXACT,1,PENDING_REVIEW
GURTEEN ALIAS GREEN HALL,,Gurteen alias Green Hall,,NO,YES,NO,NO MATCH,NO MATCH,7,APPROVED
KILLYBEGG,,Killybegg,,NO,YES,NO,NO MATCH,NO MATCH,8,APPROVED
BOLEY,BOLEY,Boley,BOLEY,YES,YES,YES,FUZZY (100%),EXACT,140,PENDING_REVIEW
KNOCKNAGREE,KNOCKNAGREE,Knocknagree,KNOCKNAGREE,YES,YES,YES,FUZZY (100%),EXACT,2,PENDING_REVIEW
COOLROE,COOLROE,Coolroe,COOLROE,YES,YES,YES,FUZZY (100%),EXACT,190,PENDING_REVIEW
BALLINGUILE HILL,,Ballinguile Hill,,NO,YES,NO,NO MATCH,NO MATCH,3,APPROVED
TINIHALEY,,Tinihaley,,NO,YES,NO,NO MATCH,NO MATCH,8,APPROVED
WICKLOW (TOWN?),,Wicklow (town?),,NO,YES,NO,NO MATCH,NO MATCH,2,APPROVED
BOLARNEY,,Bolarney,,NO,YES,NO,NO MATCH,NO MATCH,40,APPROVED
KILCAVAN LOWER,KILCAVAN LOWER,,KILCAVAN LOWER,YES,NO,YES,NO MATCH,NO MATCH,0,APPROVED
GLANDPHILIPEEN,,Glandphilipeen,,NO,YES,NO,NO MATCH,NO MATCH,8,APPROVED
KILPIPE,KILPIPE,Kilpipe,KILPIPE,YES,YES,YES,FUZZY (100%),EXACT,170,PENDING_REVIEW
COOLATTIN & CRONYSTOWN,,Coolattin & Cronystown,,NO,YES,NO,NO MATCH,NO MATCH,1,APPROVED
TOWERBOY & BALLENGUILE,,Towerboy & Ballenguile,,NO,YES,NO,NO MATCH,NO MATCH,4,APPROVED
MARYANS,,Maryans,,NO,YES,NO,NO MATCH,NO MATCH,1,APPROVED
MILITIA,,Militia,,NO,YES,NO,NO MATCH,NO MATCH,10,APPROVED
ASKAKEAGH,ASKAKEAGH,Askakeagh,ASKAKEAGH,YES,YES,YES,FUZZY (100%),EXACT,29,PENDING_REVIEW
DRUMDANGAN,,Drumdangan,,NO,YES,NO,NO MATCH,NO MATCH,3,APPROVED
MOUNTPLEASANT,MOUNTPLEASANT,Mountpleasant,MOUNTPLEASANT,YES,YES,YES,FUZZY (100%),EXACT,1,PENDING_REVIEW
RATHMEAGUE,RATHMEAGUE,Rathmeague,RATHMEAGUE,YES,YES,YES,FUZZY (100%),EXACT,6,PENDING_REVIEW
BARNAMUINGA,BARNAMUINGA,,BARNAMUINGA,YES,NO,YES,NO MATCH,NO MATCH,0,APPROVED
RACOTT,,Racott,,NO,YES,NO,NO MATCH,NO MATCH,41,APPROVED
COOLALUGG,,Coolalugg,,NO,YES,NO,NO MATCH,NO MATCH,9,APPROVED
MUSKEAGH,MUSKEAGH,Muskeagh,MUSKEAGH,YES,YES,YES,FUZZY (100%),EXACT,50,PENDING_REVIEW
CARRICKGAITER,,Carrickgaiter,,NO,YES,NO,NO MATCH,NO MATCH,2,APPROVED
BALLYVOLEN (SIC),,Ballyvolen (sic),,NO,YES,NO,NO MATCH,NO MATCH,1,APPROVED
COOLATTIN PARK,COOLATTIN PARK,,COOLATTIN PARK,YES,NO,YES,NO MATCH,NO MATCH,0,APPROVED
MANGINS,,Mangins,,NO,YES,NO,NO MATCH,NO MATCH,10,APPROVED
BALYCONNELL,,Balyconnell,,NO,YES,NO,NO MATCH,NO MATCH,1,APPROVED
PARK AT COOLRUSS,,Park at Coolruss,,NO,YES,NO,NO MATCH,NO MATCH,9,APPROVED
BALLYCIONOGUE,,Ballycionogue,,NO,YES,NO,NO MATCH,NO MATCH,1,APPROVED
TINAHELY & ROSBAWN,,Tinahely & Rosbawn,,NO,YES,NO,NO MATCH,NO MATCH,2,APPROVED
COOLALUG,COOLALUG,Coolalug,COOLALUG,YES,YES,YES,FUZZY (100%),EXACT,9,PENDING_REVIEW
MEHASSY (? ILLEGIBLE WORD),,Mehassy (? illegible word),,NO,YES,NO,NO MATCH,NO MATCH,1,APPROVED
RATHSHANMORE EAST AND WEST,,Rathshanmore East and West,,NO,YES,NO,NO MATCH,NO MATCH,2,APPROVED
MILL LAND,MILL LAND,Mill Land,MILL LAND,YES,YES,YES,FUZZY (100%),EXACT,4,PENDING_REVIEW
BLACKDITCH,,Blackditch,,NO,YES,NO,NO MATCH,NO MATCH,12,APPROVED
HILLBROOK,,Hillbrook,,NO,YES,NO,NO MATCH,NO MATCH,10,APPROVED
RATHSHANMORE WEST,RATHSHANMORE WEST,,RATHSHANMORE WEST,YES,NO,YES,NO MATCH,NO MATCH,0,APPROVED
POULLINGATE,,Poullingate,,NO,YES,NO,NO MATCH,NO MATCH,1,APPROVED
TINAHELY & LOUGHDUFF,,Tinahely & Loughduff,,NO,YES,NO,NO MATCH,NO MATCH,1,APPROVED
GLAZENARET,,Glazenaret,,NO,YES,NO,NO MATCH,NO MATCH,4,APPROVED
BALLYVOLAN,,Ballyvolan,,NO,YES,NO,NO MATCH,NO MATCH,5,APPROVED
KILLIDREENIN [?],,Killidreenin [?],,NO,YES,NO,NO MATCH,NO MATCH,1,APPROVED
KNOCKEEN,KNOCKEEN,Knockeen,KNOCKEEN,YES,YES,YES,FUZZY (100%),EXACT,81,PENDING_REVIEW
FARNEES,FARNEES,Farnees,FARNEES,YES,YES,YES,FUZZY (100%),EXACT,123,PENDING_REVIEW
TOBERPATRICK,TOBERPATRICK,Toberpatrick,TOBERPATRICK,YES,YES,YES,FUZZY (100%),EXACT,18,PENDING_REVIEW
BALLICONOFIN,,Balliconofin,,NO,YES,NO,NO MATCH,NO MATCH,2,APPROVED
RACOTT AND MOYNE,,Racott and Moyne,,NO,YES,NO,NO MATCH,NO MATCH,1,APPROVED
NOTHING,,nothing,,NO,YES,NO,NO MATCH,NO MATCH,1,APPROVED
BALLISLAND,,Ballisland,,NO,YES,NO,NO MATCH,NO MATCH,40,APPROVED
CORBALLIS,,Corballis,,NO,YES,NO,NO MATCH,NO MATCH,38,APPROVED
BALLYGANNON AND RATHDRUM,,Ballygannon and Rathdrum,,NO,YES,NO,NO MATCH,NO MATCH,1,APPROVED
BALLYNERRIN,,Ballynerrin,,NO,YES,NO,NO MATCH,NO MATCH,1,APPROVED
MULLLINS,,Mulllins,,NO,YES,NO,NO MATCH,NO MATCH,1,APPROVED
RATHCOT,RATHCOT,Rathcot,RATHCOT,YES,YES,YES,FUZZY (100%),EXACT,1,PENDING_REVIEW
NEWTOWN,NEWTOWN,Newtown,,YES,YES,NO,FUZZY (100%),NO MATCH,19,PENDING_REVIEW
BALLARNEY AND ABBEYSANDS,,Ballarney and Abbeysands,,NO,YES,NO,NO MATCH,NO MATCH,1,APPROVED
BALLYGANNON & KNOCKADOZEN,,Ballygannon & Knockadozen,,NO,YES,NO,NO MATCH,NO MATCH,2,APPROVED
NEWCASTLLE AT BLACKDITCH,,Newcastlle at Blackditch,,NO,YES,NO,NO MATCH,NO MATCH,1,APPROVED
KILCAVEN,,Kilcaven,,NO,YES,NO,NO MATCH,NO MATCH,254,APPROVED
BALLINGATE UPPER,BALLINGATE UPPER,Ballingate Upper,BALLINGATE UPPER,YES,YES,YES,FUZZY (100%),EXACT,1,PENDING_REVIEW
KILBALLYOWEN RATHDRUM,,Kilballyowen Rathdrum,,NO,YES,NO,NO MATCH,NO MATCH,3,APPROVED
BALLLINGUILE,,Balllinguile,,NO,YES,NO,NO MATCH,NO MATCH,2,APPROVED
MINMORE/PARKMORE,,Minmore/Parkmore,,NO,YES,NO,NO MATCH,NO MATCH,6,APPROVED
L'MUNNY,,L'Munny,,NO,YES,NO,NO MATCH,NO MATCH,6,APPROVED
MERRYMEETING,,Merrymeeting,,NO,YES,NO,NO MATCH,NO MATCH,22,APPROVED
KNOCKADOSEN,,Knockadosen,,NO,YES,NO,NO MATCH,NO MATCH,8,APPROVED
COOLELUG,,Coolelug,,NO,YES,NO,NO MATCH,NO MATCH,25,APPROVED
TOMNIFINOGUE,,Tomnifinogue,,NO,YES,NO,NO MATCH,NO MATCH,30,APPROVED
MONAGHULEN,,Monaghulen,,NO,YES,NO,NO MATCH,NO MATCH,1,APPROVED
BALLINAVORTHA,,Ballinavortha,,NO,YES,NO,NO MATCH,NO MATCH,6,APPROVED
KILMARTIN,,Kilmartin,,NO,YES,NO,NO MATCH,NO MATCH,5,APPROVED
RATHBANE,RATHBANE,Rathbane,RATHBANE,YES,YES,YES,FUZZY (100%),EXACT,10,PENDING_REVIEW
COOLLATTIN & CRONYHORN,,Coollattin & Cronyhorn,,NO,YES,NO,NO MATCH,NO MATCH,1,APPROVED
TOMNAFINNOGE,TOMNAFINNOGE,Tomnafinnoge,TOMNAFINNOGE,YES,YES,YES,FUZZY (100%),EXACT,1,PENDING_REVIEW
SLIEVENAMOUGH PLAIN,SLIEVENAMOUGH PLAIN,Slievenamough Plain,SLIEVENAMOUGH PLAIN,YES,YES,YES,FUZZY (100%),EXACT,3,PENDING_REVIEW
MUNEY,,Muney,,NO,YES,NO,NO MATCH,NO MATCH,2,APPROVED
KNOCKEEN OR KILLINURE,,Knockeen or Killinure,,NO,YES,NO,NO MATCH,NO MATCH,1,APPROVED
HARNEY AT BRIDGELAND,,Harney at Bridgeland,,NO,YES,NO,NO MATCH,NO MATCH,1,APPROVED
RAHEENTEIGE,RAHEENTEIGE,Raheenteige,RAHEENTEIGE,YES,YES,YES,FUZZY (100%),EXACT,4,PENDING_REVIEW
TOWERBOY,,Towerboy,,NO,YES,NO,NO MATCH,NO MATCH,91,APPROVED
TINEHALEY,,Tinehaley,,NO,YES,NO,NO MATCH,NO MATCH,20,APPROVED
KILLBALLYOWEN,,Killballyowen,,NO,YES,NO,NO MATCH,NO MATCH,37,APPROVED
BALLINAVERTA,,Ballinaverta,,NO,YES,NO,NO MATCH,NO MATCH,9,APPROVED
BLACKDITCH AND NEWCASTLE,,Blackditch and Newcastle,,NO,YES,NO,NO MATCH,NO MATCH,1,APPROVED
MANGENS,,Mangens,,NO,YES,NO,NO MATCH,NO MATCH,7,APPROVED
COOLBROE,,Coolbroe,,NO,YES,NO,NO MATCH,NO MATCH,10,APPROVED
RATHMEAGH,,Rathmeagh,,NO,YES,NO,NO MATCH,NO MATCH,58,APPROVED
TOORBOY,TOORBOY,Toorboy,TOORBOY,YES,YES,YES,FUZZY (100%),EXACT,5,PENDING_REVIEW
RATHNEAGH,,Rathneagh,,NO,YES,NO,NO MATCH,NO MATCH,2,APPROVED
TOMBREANE,,Tombreane,,NO,YES,NO,NO MATCH,NO MATCH,74,APPROVED
BALINGLEN,,Balinglen,,NO,YES,NO,NO MATCH,NO MATCH,1,APPROVED
TINAHEALY AND LUGDUFF,,Tinahealy and Lugduff,,NO,YES,NO,NO MATCH,NO MATCH,1,APPROVED
URRIGAIN & CARNEW,,Urrigain & Carnew,,NO,YES,NO,NO MATCH,NO MATCH,1,APPROVED
MONEY UPPER,MONEY UPPER,Money Upper,MONEY UPPER,YES,YES,YES,FUZZY (100%),EXACT,23,PENDING_REVIEW
DRUMIN PARK,,Drumin Park,,NO,YES,NO,NO MATCH,NO MATCH,8,APPROVED
COLLATTIN,,Collattin,,NO,YES,NO,NO MATCH,NO MATCH,14,APPROVED
KILLLINURE,,Killlinure,,NO,YES,NO,NO MATCH,NO MATCH,2,APPROVED
TOMNASKELA,TOMNASKELA,Tomnaskela,TOMNASKELA,YES,YES,YES,FUZZY (100%),EXACT,8,PENDING_REVIEW
BALLYBEGG,,Ballybegg,,NO,YES,NO,NO MATCH,NO MATCH,43,APPROVED
SLANEY,,Slaney,,NO,YES,NO,NO MATCH,NO MATCH,3,APPROVED
BALLINERRIN,,Ballinerrin,,NO,YES,NO,NO MATCH,NO MATCH,1,APPROVED
BALLINGATE LOWER,BALLINGATE LOWER,Ballingate Lower,BALLINGATE LOWER,YES,YES,YES,FUZZY (100%),EXACT,1,PENDING_REVIEW
HILLBROOKE,,Hillbrooke,,NO,YES,NO,NO MATCH,NO MATCH,126,APPROVED
BALILIONOGUE,,Balilionogue,,NO,YES,NO,NO MATCH,NO MATCH,1,APPROVED
MOTYBOWER,,Motybower,,NO,YES,NO,NO MATCH,NO MATCH,129,APPROVED
MOTABOWER,MOTABOWER,,,YES,NO,NO,NO MATCH,NO MATCH,0,NEEDS_REVIEW
KNOCKKEEN,,Knockkeen,,NO,YES,NO,NO MATCH,NO MATCH,22,APPROVED
KILEAVAN UPPER,,Kileavan Upper,,NO,YES,NO,NO MATCH,NO MATCH,1,APPROVED
DUMBARR,,Dumbarr,,NO,YES,NO,NO MATCH,NO MATCH,1,APPROVED
COOLATTIN OR BARRACKS,,Coolattin or Barracks,,NO,YES,NO,NO MATCH,NO MATCH,6,APPROVED
TOMBREAN,,Tombrean,,NO,YES,NO,NO MATCH,NO MATCH,41,APPROVED
LARRAGH,,Larragh,,NO,YES,NO,NO MATCH,NO MATCH,37,APPROVED
RODDENAGH,RODDENAGH,Roddenagh,RODDENAGH,YES,YES,YES,FUZZY (100%),EXACT,15,PENDING_REVIEW
LISCOLMAN,LISCOLMAN,Liscolman,LISCOLMAN,YES,YES,YES,FUZZY (100%),EXACT,16,PENDING_REVIEW
LUMCLOON,LUMCLOON,Lumcloon,LUMCLOON,YES,YES,YES,FUZZY (100%),EXACT,6,PENDING_REVIEW
GLENPHILLIPPEEN,,Glenphillippeen,,NO,YES,NO,NO MATCH,NO MATCH,57,APPROVED
STRATHNAKELLY,,Strathnakelly,,NO,YES,NO,NO MATCH,NO MATCH,12,APPROVED
MULLANS,,Mullans,,NO,YES,NO,NO MATCH,NO MATCH,6,APPROVED
TINAHELY AND COOLROE,,Tinahely and Coolroe,,NO,YES,NO,NO MATCH,NO MATCH,6,APPROVED
KILCAVAN,,Kilcavan,,NO,YES,NO,NO MATCH,NO MATCH,24,APPROVED
BALLINVALLY,,Ballinvally,,NO,YES,NO,NO MATCH,NO MATCH,3,APPROVED
RATHENGRANY,,Rathengrany,,NO,YES,NO,NO MATCH,NO MATCH,7,APPROVED
BALLARD,BALLARD,Ballard,BALLARD,YES,YES,YES,FUZZY (100%),EXACT,236,PENDING_REVIEW
MUNNY,,Munny,,NO,YES,NO,NO MATCH,NO MATCH,103,APPROVED
COOLRUSS,,Coolruss,,NO,YES,NO,NO MATCH,NO MATCH,20,APPROVED
TINAHELY & COOLRUSS,,Tinahely & Coolruss,,NO,YES,NO,NO MATCH,NO MATCH,2,APPROVED
KNOCKADOOMCOYLE (LEASE HAVING EXPIRED),,Knockadoomcoyle (lease having expired),,NO,YES,NO,NO MATCH,NO MATCH,1,APPROVED
BALLYGUILE,,Ballyguile,,NO,YES,NO,NO MATCH,NO MATCH,14,APPROVED
MEHASSY AND BALLINAURLY ?,,Mehassy and Ballinaurly ?,,NO,YES,NO,NO MATCH,NO MATCH,1,APPROVED
COOLBOY,COOLBOY,Coolboy,COOLBOY,YES,YES,YES,FUZZY (100%),EXACT,305,PENDING_REVIEW
RATHCOYLE,,Rathcoyle,,NO,YES,NO,NO MATCH,NO MATCH,9,APPROVED
HARNEY AND CORNAVENISH,,Harney and Cornavenish,,NO,YES,NO,NO MATCH,NO MATCH,1,APPROVED
DRUMDANGAN & RAHANA,,Drumdangan & Rahana,,NO,YES,NO,NO MATCH,NO MATCH,1,APPROVED
GREENHALL,GREENHALL,Greenhall,GREENHALL,YES,YES,YES,FUZZY (100%),EXACT,2,PENDING_REVIEW
PARK AT COOLRUP,,Park at Coolrup,,NO,YES,NO,NO MATCH,NO MATCH,1,APPROVED
RATHBAWN,,Rathbawn,,NO,YES,NO,NO MATCH,NO MATCH,85,APPROVED
TOMNAFINOGUE,,Tomnafinogue,,NO,YES,NO,NO MATCH,NO MATCH,30,APPROVED
WINGROVE BOLEYNAKELLS,,Wingrove Boleynakells,,NO,YES,NO,NO MATCH,NO MATCH,2,APPROVED
RAHEENGLASS,RAHEENGLASS,Raheenglass,RAHEENGLASS,YES,YES,YES,FUZZY (100%),EXACT,1,PENDING_REVIEW
CARRICKARON,,Carrickaron,,NO,YES,NO,NO MATCH,NO MATCH,1,APPROVED
RATHCOYLE UPPER,RATHCOYLE UPPER,Rathcoyle Upper,RATHCOYLE UPPER,YES,YES,YES,FUZZY (100%),EXACT,2,PENDING_REVIEW
UMRYGAR,UMRYGAR,Umrygar,UMRYGAR,YES,YES,YES,FUZZY (100%),EXACT,8,PENDING_REVIEW
RAHBAWN,,Rahbawn,,NO,YES,NO,NO MATCH,NO MATCH,1,APPROVED
LR. MUNNEY,,Lr. Munney,,NO,YES,NO,NO MATCH,NO MATCH,5,APPROVED
MOYLISHA,MOYLISHA,Moylisha,MOYLISHA,YES,YES,YES,FUZZY (100%),EXACT,1,PENDING_REVIEW
TINAHEALY AND COOLRUSS,,Tinahealy and Coolruss,,NO,YES,NO,NO MATCH,NO MATCH,3,APPROVED
AGHOWLE UPPER,AGHOWLE UPPER,Aghowle Upper,AGHOWLE UPPER,YES,YES,YES,FUZZY (100%),EXACT,16,PENDING_REVIEW
RASHEENMORE,,Rasheenmore,,NO,YES,NO,NO MATCH,NO MATCH,8,APPROVED
TOMACORK,TOMACORK,Tomacork,TOMACORK,YES,YES,YES,FUZZY (100%),EXACT,97,PENDING_REVIEW
FAIRWOOD,,Fairwood,,NO,YES,NO,NO MATCH,NO MATCH,1,APPROVED
RAHEENGRANEY,RAHEENGRANEY,Raheengraney,RAHEENGRANEY,YES,YES,YES,FUZZY (100%),EXACT,1,PENDING_REVIEW
GLAZINARGET,,Glazinarget,,NO,YES,NO,NO MATCH,NO MATCH,19,APPROVED
RASNASTRAW (IN LEASE),,Rasnastraw (in lease),,NO,YES,NO,NO MATCH,NO MATCH,1,APPROVED
KNOCKATOMCOYLE,KNOCKATOMCOYLE,Knockatomcoyle,KNOCKATOMCOYLE,YES,YES,YES,FUZZY (100%),EXACT,22,PENDING_REVIEW
CARRICKGATTER,,Carrickgatter,,NO,YES,NO,NO MATCH,NO MATCH,4,APPROVED
GARRYHOE,GARRYHOE,Garryhoe,GARRYHOE,YES,YES,YES,FUZZY (100%),EXACT,21,PENDING_REVIEW
BALLYGANNON,,Ballygannon,,NO,YES,NO,NO MATCH,NO MATCH,60,APPROVED
KILPIPE + TOMNASKELA,,Kilpipe + Tomnaskela,,NO,YES,NO,NO MATCH,NO MATCH,1,APPROVED
TOMCOGLEN AND PREBAN,,Tomcoglen and Preban,,NO,YES,NO,NO MATCH,NO MATCH,1,APPROVED
RATH,RATH,Rath,RATH,YES,YES,YES,FUZZY (100%),EXACT,18,PENDING_REVIEW
BALLYCONNELL,BALLYCONNELL,Ballyconnell,BALLYCONNELL,YES,YES,YES,FUZZY (100%),EXACT,149,PENDING_REVIEW
TINAHELY AND BALLINACORBY,,Tinahely and Ballinacorby,,NO,YES,NO,NO MATCH,NO MATCH,2,APPROVED
BALLENGUILE,,Ballenguile,,NO,YES,NO,NO MATCH,NO MATCH,207,APPROVED
COOLBOY AT HILLBROOK,,Coolboy at Hillbrook,,NO,YES,NO,NO MATCH,NO MATCH,1,APPROVED
TULLOWCLAY,TULLOWCLAY,Tullowclay,TULLOWCLAY,YES,YES,YES,FUZZY (100%),EXACT,49,PENDING_REVIEW
TUBBERCONAGH,,Tubberconagh,,NO,YES,NO,NO MATCH,NO MATCH,12,APPROVED
KNOCKNABOLEY,KNOCKNABOLEY,Knocknaboley,KNOCKNABOLEY,YES,YES,YES,FUZZY (100%),EXACT,178,PENDING_REVIEW
PARKMORE AND COOLBOY,,Parkmore and Coolboy,,NO,YES,NO,NO MATCH,NO MATCH,3,APPROVED
TINAHEALY,,Tinahealy,,NO,YES,NO,NO MATCH,NO MATCH,16,APPROVED
MAINIRE [?],,Mainire [?],,NO,YES,NO,NO MATCH,NO MATCH,1,APPROVED
MURRIGARR,,Murrigarr,,NO,YES,NO,NO MATCH,NO MATCH,1,APPROVED
PARK COOLRUSS,,Park Coolruss,,NO,YES,NO,NO MATCH,NO MATCH,23,APPROVED
FARNEES AND BRIDGELAND,,Farnees and Bridgeland,,NO,YES,NO,NO MATCH,NO MATCH,2,APPROVED
KNOCKADOOMCOYLE,,Knockadoomcoyle,,NO,YES,NO,NO MATCH,NO MATCH,187,APPROVED
BULLINAGATE,,Bullinagate,,NO,YES,NO,NO MATCH,NO MATCH,5,APPROVED
TINAHELY + LUGDUFF,,Tinahely + Lugduff,,NO,YES,NO,NO MATCH,NO MATCH,1,APPROVED
SLIEVENAMOUGH,SLIEVENAMOUGH,Slievenamough,SLIEVENAMOUGH,YES,YES,YES,FUZZY (100%),EXACT,7,PENDING_REVIEW
SLIEVEMAAN,SLIEVEMAAN,Slievemaan,SLIEVEMAAN,YES,YES,YES,FUZZY (100%),EXACT,1,PENDING_REVIEW
MELITIA,,Melitia,,NO,YES,NO,NO MATCH,NO MATCH,64,APPROVED
BARKEEN,,Barkeen,,NO,YES,NO,NO MATCH,NO MATCH,1,APPROVED
AGHOWLE,,Aghowle,,NO,YES,NO,NO MATCH,NO MATCH,1,APPROVED
DRUMIN,,Drumin,,NO,YES,NO,NO MATCH,NO MATCH,13,APPROVED
COALKENNA,,Coalkenna,,NO,YES,NO,NO MATCH,NO MATCH,1,APPROVED
COOLELUGG,,Coolelugg,,NO,YES,NO,NO MATCH,NO MATCH,4,APPROVED
PARK AND DRUMLIN,,Park and Drumlin,,NO,YES,NO,NO MATCH,NO MATCH,5,APPROVED
COONARANICK?,,Coonaranick?,,NO,YES,NO,NO MATCH,NO MATCH,2,APPROVED
MURREAGH,,Murreagh,,NO,YES,NO,NO MATCH,NO MATCH,4,APPROVED
TINEHALEY AND COOLRUSS,,Tinehaley and Coolruss,,NO,YES,NO,NO MATCH,NO MATCH,4,APPROVED
KILPIPE AT COOLBAWN,,Kilpipe at Coolbawn,,NO,YES,NO,NO MATCH,NO MATCH,1,APPROVED
BALLYKNOCKER,BALLYKNOCKER,,BALLYKNOCKER,YES,NO,YES,NO MATCH,NO MATCH,0,APPROVED
BALLYNAVORTHA,BALLYNAVORTHA,Ballynavortha,BALLYNAVORTHA,YES,YES,YES,FUZZY (100%),EXACT,1,PENDING_REVIEW
ASKIKEAGH,,Askikeagh,,NO,YES,NO,NO MATCH,NO MATCH,126,APPROVED
CARRAGHLAWN,,Carraghlawn,,NO,YES,NO,NO MATCH,NO MATCH,4,APPROVED
COOLRUSS PARK,,Coolruss Park,,NO,YES,NO,NO MATCH,NO MATCH,10,APPROVED
BALLIECIONOGUE,,Balliecionogue,,NO,YES,NO,NO MATCH,NO MATCH,9,APPROVED
UP COOLBOY AND HILLBROOK,,Up Coolboy and Hillbrook,,NO,YES,NO,NO MATCH,NO MATCH,1,APPROVED
DRUMMIN,DRUMMIN,Drummin,DRUMMIN,YES,YES,YES,FUZZY (100%),EXACT,15,PENDING_REVIEW
MERRYMEETING AND KNOCKROBHAN,,Merrymeeting and Knockrobhan,,NO,YES,NO,NO MATCH,NO MATCH,1,APPROVED
MORGANS,,Morgans,,NO,YES,NO,NO MATCH,NO MATCH,1,APPROVED
KNOCKLOE,KNOCKLOE,Knockloe,KNOCKLOE,YES,YES,YES,FUZZY (100%),EXACT,16,PENDING_REVIEW
KILCAVAN UPPER,KILCAVAN UPPER,,KILCAVAN UPPER,YES,NO,YES,NO MATCH,NO MATCH,0,APPROVED
BALLINULTA,,Ballinulta,,NO,YES,NO,NO MATCH,NO MATCH,495,APPROVED
GLENYSHOKE,,Glenyshoke,,NO,YES,NO,NO MATCH,NO MATCH,3,APPROVED
BALLYNULTAGH,BALLYNULTAGH,Ballynultagh,BALLYNULTAGH,YES,YES,YES,FUZZY (100%),EXACT,45,PENDING_REVIEW
BALLYKNOCKERS AND DEEREPARK,,Ballyknockers and Deerepark,,NO,YES,NO,NO MATCH,NO MATCH,22,APPROVED
DUNBURR,,Dunburr,,NO,YES,NO,NO MATCH,NO MATCH,3,APPROVED
COOLROSS AND TOMCOYLE,,Coolross and Tomcoyle,,NO,YES,NO,NO MATCH,NO MATCH,1,APPROVED
PARK AND COOLRUSS,,Park and Coolruss,,NO,YES,NO,NO MATCH,NO MATCH,1,APPROVED
COOLKENNA & BARNACASHEL,,Coolkenna & Barnacashel,,NO,YES,NO,NO MATCH,NO MATCH,31,APPROVED
BALLENFRIDE,,Ballenfride,,NO,YES,NO,NO MATCH,NO MATCH,2,APPROVED
BOLEYBAWN,BOLEYBAWN,Boleybawn,BOLEYBAWN,YES,YES,YES,FUZZY (100%),EXACT,1,PENDING_REVIEW
COOLLATTIN,,Coollattin,,NO,YES,NO,NO MATCH,NO MATCH,172,APPROVED
HILLBROOKE/PARKMORE,,Hillbrooke/Parkmore,,NO,YES,NO,NO MATCH,NO MATCH,6,APPROVED
STRANAKELLY,STRANAKELLY,Stranakelly,STRANAKELLY,YES,YES,YES,FUZZY (100%),EXACT,18,PENDING_REVIEW
?,,?,,NO,YES,NO,NO MATCH,NO MATCH,2,APPROVED
RATHNAKILL,,Rathnakill,,NO,YES,NO,NO MATCH,NO MATCH,1,APPROVED
QUIGGINROE,QUIGGINROE,Quigginroe,QUIGGINROE,YES,YES,YES,FUZZY (100%),EXACT,11,PENDING_REVIEW
MEHASSY,,Mehassy,,NO,YES,NO,NO MATCH,NO MATCH,3,APPROVED
LISCOLEMAN,,Liscoleman,,NO,YES,NO,NO MATCH,NO MATCH,10,APPROVED
LASCOLEMAN,,Lascoleman,,NO,YES,NO,NO MATCH,NO MATCH,98,APPROVED
MULLANS NORTH,MULLANS NORTH,,MULLANS NORTH,YES,NO,YES,NO MATCH,NO MATCH,0,APPROVED
TINAHELY AND LUGDUFF,,Tinahely and Lugduff,,NO,YES,NO,NO MATCH,NO MATCH,2,APPROVED
KILLIDRUMIN,,Killidrumin,,NO,YES,NO,NO MATCH,NO MATCH,1,APPROVED
RATHCOLL,,Rathcoll,,NO,YES,NO,NO MATCH,NO MATCH,1,APPROVED
MOLANASKY,,Molanasky,,NO,YES,NO,NO MATCH,NO MATCH,12,APPROVED
MONAGHULLEN,,Monaghullen,,NO,YES,NO,NO MATCH,NO MATCH,57,APPROVED
COOLILUGG,,Coolilugg,,NO,YES,NO,NO MATCH,NO MATCH,2,APPROVED
LUGADUFF,,Lugaduff,,NO,YES,NO,NO MATCH,NO MATCH,13,APPROVED
TOMCOYLE AT PREBAN,,Tomcoyle at Preban,,NO,YES,NO,NO MATCH,NO MATCH,23,APPROVED
TUBBERPATRICK,,Tubberpatrick,,NO,YES,NO,NO MATCH,NO MATCH,112,APPROVED
CARNEW,CARNEW,Carnew,CARNEW,YES,YES,YES,FUZZY (100%),EXACT,547,PENDING_REVIEW
KNOCKNADOOMCOYLE,,Knocknadoomcoyle,,NO,YES,NO,NO MATCH,NO MATCH,7,APPROVED
SESKIN,SESKIN,Seskin,SESKIN,YES,YES,YES,FUZZY (100%),EXACT,1,PENDING_REVIEW
MULLINS,,Mullins,,NO,YES,NO,NO MATCH,NO MATCH,206,APPROVED
WICKLOW & BALLINERRIN,,Wicklow & Ballinerrin,,NO,YES,NO,NO MATCH,NO MATCH,1,APPROVED
BALLICIONAGUE,,Ballicionague,,NO,YES,NO,NO MATCH,NO MATCH,1,APPROVED
CRONYHORN UPPER,CRONYHORN UPPER,Cronyhorn Upper,CRONYHORN UPPER,YES,YES,YES,FUZZY (100%),EXACT,1,PENDING_REVIEW
ROSNASTRAW,ROSNASTRAW,Rosnastraw,ROSNASTRAW,YES,YES,YES,FUZZY (100%),EXACT,49,PENDING_REVIEW
URELANDS,,Urelands,,NO,YES,NO,NO MATCH,NO MATCH,100,APPROVED
BALLINACOR & TINAHELY,,Ballinacor & Tinahely,,NO,YES,NO,NO MATCH,NO MATCH,2,APPROVED
PARK AT DRUMIN,,Park at Drumin,,NO,YES,NO,NO MATCH,NO MATCH,17,APPROVED
BALLINGUILE,BALLINGUILE,Ballinguile,BALLINGUILE,YES,YES,YES,FUZZY (100%),EXACT,50,PENDING_REVIEW
BALLINICIONOGUE,,Ballinicionogue,,NO,YES,NO,NO MATCH,NO MATCH,8,APPROVED
MUNGACULLEN,,Mungacullen,,NO,YES,NO,NO MATCH,NO MATCH,11,APPROVED
COOLFANCEY,,Coolfancey,,NO,YES,NO,NO MATCH,NO MATCH,34,APPROVED
SHILELAGH BALLINULTA,,Shilelagh Ballinulta,,NO,YES,NO,NO MATCH,NO MATCH,1,APPROVED
GURTEEN,,Gurteen,,NO,YES,NO,NO MATCH,NO MATCH,54,APPROVED
CORANDAGG,,Corandagg,,NO,YES,NO,NO MATCH,NO MATCH,1,APPROVED
COOLBOY UPPER AND PARKMORE,,Coolboy Upper and Parkmore,,NO,YES,NO,NO MATCH,NO MATCH,6,APPROVED
COOLBAWN OR COOLBALLINTAGGART,COOLBAWN or COOLBALLINTAGGART,Coolbawn or Coolballintaggart,COOLBAWN OR COOLBALLINTAGGART,YES,YES,YES,FUZZY (100%),EXACT,16,PENDING_REVIEW
ABBEY & LAND,,Abbey & land,,NO,YES,NO,NO MATCH,NO MATCH,1,APPROVED
CARRICKGALTOR,,Carrickgaltor,,NO,YES,NO,NO MATCH,NO MATCH,1,APPROVED
TOMMIFINOGUE,,Tommifinogue,,NO,YES,NO,NO MATCH,NO MATCH,1,APPROVED
BALYCUMBER,,Balycumber,,NO,YES,NO,NO MATCH,NO MATCH,1,APPROVED
CARRICK,CARRICK,Carrick,CARRICK,YES,YES,YES,FUZZY (100%),EXACT,3,PENDING_REVIEW
BALLYOOLEN,,Ballyoolen,,NO,YES,NO,NO MATCH,NO MATCH,2,APPROVED
STOOPS,STOOPS,Stoops,STOOPS,YES,YES,YES,FUZZY (100%),EXACT,1,PENDING_REVIEW
LUGDUFF,LUGDUFF,Lugduff,LUGDUFF,YES,YES,YES,FUZZY (100%),EXACT,56,PENDING_REVIEW
BALLYKNOCKER WEST,BALLYKNOCKER WEST,Ballyknocker West,BALLYKNOCKER WEST,YES,YES,YES,FUZZY (100%),EXACT,1,PENDING_REVIEW
RATHSHANMORE SOUTH,RATHSHANMORE SOUTH,Rathshanmore South,RATHSHANMORE SOUTH,YES,YES,YES,FUZZY (100%),EXACT,6,PENDING_REVIEW
BALLISLAND AT YEWTREE,,Ballisland at Yewtree,,NO,YES,NO,NO MATCH,NO MATCH,1,APPROVED
TOMCOYLE & PREBAN,,Tomcoyle & Preban,,NO,YES,NO,NO MATCH,NO MATCH,10,APPROVED
TINAHELY AND COOLRUSS,,Tinahely and Coolruss,,NO,YES,NO,NO MATCH,NO MATCH,4,APPROVED
AGHOLD,,Aghold,,NO,YES,NO,NO MATCH,NO MATCH,262,APPROVED
KNOCKNABOLY,,Knocknaboly,,NO,YES,NO,NO MATCH,NO MATCH,5,APPROVED
BLAINROE,,Blainroe,,NO,YES,NO,NO MATCH,NO MATCH,6,APPROVED
KENNYSTOWN,KENNYSTOWN,Kennystown,KENNYSTOWN,YES,YES,YES,FUZZY (100%),EXACT,1,PENDING_REVIEW
KILANEY,,Kilaney,,NO,YES,NO,NO MATCH,NO MATCH,1,APPROVED
TUBBERLONAGH,,Tubberlonagh,,NO,YES,NO,NO MATCH,NO MATCH,67,APPROVED
JIGGINSTOWN,,Jigginstown,,NO,YES,NO,NO MATCH,NO MATCH,6,APPROVED
PARKMORE (PAGE),PARKMORE (Page),Parkmore (Page),PARKMORE (PAGE),YES,YES,YES,FUZZY (100%),EXACT,1,PENDING_REVIEW
HILLBROOK AND UP COOLBOY,,Hillbrook and Up Coolboy,,NO,YES,NO,NO MATCH,NO MATCH,1,APPROVED
COOLROSS,COOLROSS,Coolross,COOLROSS,YES,YES,YES,FUZZY (100%),EXACT,18,PENDING_REVIEW
PARK,PARK,Park,,YES,YES,NO,FUZZY (100%),NO MATCH,81,PENDING_REVIEW
LYBAGH,LYBAGH,Lybagh,LYBAGH,YES,YES,YES,FUZZY (100%),EXACT,1,PENDING_REVIEW
KYLE,KYLE,Kyle,KYLE,YES,YES,YES,FUZZY (100%),EXACT,65,PENDING_REVIEW
STRATNAKELLY,,Stratnakelly,,NO,YES,NO,NO MATCH,NO MATCH,50,APPROVED
TOMNASKELLA,,Tomnaskella,,NO,YES,NO,NO MATCH,NO MATCH,4,APPROVED
BALLYNAGRAN,,Ballynagran,,NO,YES,NO,NO MATCH,NO MATCH,1,APPROVED
FOR COTTAGE,,for cottage,,NO,YES,NO,NO MATCH,NO MATCH,1,APPROVED
BALLLYGANNON AND KNOCKADOZEN,,Balllygannon and Knockadozen,,NO,YES,NO,NO MATCH,NO MATCH,1,APPROVED
PARK AND COOLRUN AND DRUMIN,,Park and Coolrun and Drumin,,NO,YES,NO,NO MATCH,NO MATCH,1,APPROVED
COOLNAFINOGUE,,Coolnafinogue,,NO,YES,NO,NO MATCH,NO MATCH,7,APPROVED
CARNANE,,Carnane,,NO,YES,NO,NO MATCH,NO MATCH,5,APPROVED
GOWLE,GOWLE,Gowle,GOWLE,YES,YES,YES,FUZZY (100%),EXACT,71,PENDING_REVIEW
SEAMORE,,Seamore,,NO,YES,NO,NO MATCH,NO MATCH,2,APPROVED
LANAGH,,Lanagh,,NO,YES,NO,NO MATCH,NO MATCH,1,APPROVED
BALLYRAHEEN,BALLYRAHEEN,Ballyraheen,BALLYRAHEEN,YES,YES,YES,FUZZY (100%),EXACT,22,PENDING_REVIEW
BALLINDEN,,Ballinden,,NO,YES,NO,NO MATCH,NO MATCH,3,APPROVED
BALLYRAPHINE,,Ballyraphine,,NO,YES,NO,NO MATCH,NO MATCH,36,APPROVED
KILMALONE,,Kilmalone,,NO,YES,NO,NO MATCH,NO MATCH,15,APPROVED
KILLACLORAN,,Killacloran,,NO,YES,NO,NO MATCH,NO MATCH,1,APPROVED
BOLARNEY AND BALLINORRIN,,Bolarney and Ballinorrin,,NO,YES,NO,NO MATCH,NO MATCH,1,APPROVED
TINAHELY,TINAHELY,Tinahely,TINAHELY,YES,YES,YES,FUZZY (100%),EXACT,250,PENDING_REVIEW
RASNASTRAW,,Rasnastraw,,NO,YES,NO,NO MATCH,NO MATCH,49,APPROVED
HARNEES AND BRIDGELAND,,Harnees and Bridgeland,,NO,YES,NO,NO MATCH,NO MATCH,1,APPROVED
KILLALEAGH,,Killaleagh,,NO,YES,NO,NO MATCH,NO MATCH,1,APPROVED
SESQUIN,,Sesquin,,NO,YES,NO,NO MATCH,NO MATCH,21,APPROVED
DRUMIN AT PARK,,Drumin at Park,,NO,YES,NO,NO MATCH,NO MATCH,1,APPROVED
L. MUNNEY,,L. Munney,,NO,YES,NO,NO MATCH,NO MATCH,7,APPROVED
GORTEEN,GORTEEN,Gorteen,GORTEEN,YES,YES,YES,FUZZY (100%),EXACT,1,PENDING_REVIEW
BALLIMULLEN,,Ballimullen,,NO,YES,NO,NO MATCH,NO MATCH,1,APPROVED
MONAGHALLEN,,Monaghallen,,NO,YES,NO,NO MATCH,NO MATCH,4,APPROVED
SLEAGHCOYLE,,Sleaghcoyle,,NO,YES,NO,NO MATCH,NO MATCH,127,APPROVED
GLENNASHOUK,GLENNASHOUK,,GLENNASHOUK,YES,NO,YES,NO MATCH,NO MATCH,0,APPROVED
KNOCKADOZEN,,Knockadozen,,NO,YES,NO,NO MATCH,NO MATCH,30,APPROVED
KILGUIGGIN,,Kilguiggin,,NO,YES,NO,NO MATCH,NO MATCH,7,APPROVED
TALLYHOE,,Tallyhoe,,NO,YES,NO,NO MATCH,NO MATCH,6,APPROVED
TINIHALEY MORTONS,,Tinihaley Mortons,,NO,YES,NO,NO MATCH,NO MATCH,1,APPROVED
CORNDOG,CORNDOG,Corndog,CORNDOG,YES,YES,YES,FUZZY (100%),EXACT,8,PENDING_REVIEW
PAULBEGG,,Paulbegg,,NO,YES,NO,NO MATCH,NO MATCH,21,APPROVED
RATHSHANMORE EAST,RATHSHANMORE EAST,,RATHSHANMORE EAST,YES,NO,YES,NO MATCH,NO MATCH,0,APPROVED
FARNEES AT CROSSBRIDGE,,Farnees at Crossbridge,,NO,YES,NO,NO MATCH,NO MATCH,6,APPROVED
MOTEYBOWER,,Moteybower,,NO,YES,NO,NO MATCH,NO MATCH,1,APPROVED
BALLRAGHINE,,Ballraghine,,NO,YES,NO,NO MATCH,NO MATCH,9,APPROVED
KILLAVENY,KILLAVENY,Killaveny,KILLAVENY,YES,YES,YES,FUZZY (100%),EXACT,96,PENDING_REVIEW
MUNGACULLIN,MUNGACULLIN,,MUNGACULLIN,YES,NO,YES,NO MATCH,NO MATCH,0,APPROVED
LEAMORE,,Leamore,,NO,YES,NO,NO MATCH,NO MATCH,3,APPROVED
PARK AND COOLRUN,,Park and Coolrun,,NO,YES,NO,NO MATCH,NO MATCH,1,APPROVED
CARRIGROE,CARRIGROE,Carrigroe,CARRIGROE,YES,YES,YES,FUZZY (100%),EXACT,10,PENDING_REVIEW
CORANDOGG,,Corandogg,,NO,YES,NO,NO MATCH,NO MATCH,34,APPROVED
CROSS,CROSS,Cross,CROSS,YES,YES,YES,FUZZY (100%),EXACT,1,PENDING_REVIEW
KILLYBEG,,Killybeg,,NO,YES,NO,NO MATCH,NO MATCH,1,APPROVED
COOLATTIN AND COOLATTIN PARK,,Coolattin and Coolattin Park,,NO,YES,NO,NO MATCH,NO MATCH,33,APPROVED
KILPIPE/COOLBAWN,,Kilpipe/Coolbawn,,NO,YES,NO,NO MATCH,NO MATCH,10,APPROVED
BALLYRAGHIN,,Ballyraghin,,NO,YES,NO,NO MATCH,NO MATCH,30,APPROVED
SLEANAMOE,,Sleanamoe,,NO,YES,NO,NO MATCH,NO MATCH,142,APPROVED
BALLYRAPHINE AND NEWTOWN,,Ballyraphine and Newtown,,NO,YES,NO,NO MATCH,NO MATCH,1,APPROVED
LARAGH,LARAGH,Laragh,LARAGH,YES,YES,YES,FUZZY (100%),EXACT,13,PENDING_REVIEW
KICAVEN,,Kicaven,,NO,YES,NO,NO MATCH,NO MATCH,1,APPROVED
TOMCOYLE,TOMCOYLE,Tomcoyle,TOMCOYLE,YES,YES,YES,FUZZY (100%),EXACT,42,PENDING_REVIEW
HALVERSTOWN,,Halverstown,,NO,YES,NO,NO MATCH,NO MATCH,3,APPROVED
COOLATTIN ALS. STOOPS,,Coolattin als. Stoops,,NO,YES,NO,NO MATCH,NO MATCH,6,APPROVED
RATHINGRANEY,,Rathingraney,,NO,YES,NO,NO MATCH,NO MATCH,11,APPROVED
BALLINGATE,BALLINGATE,Ballingate,,YES,YES,NO,FUZZY (100%),NO MATCH,25,PENDING_REVIEW
TINEHALEY AND GLENPHILLIPEEN,,Tinehaley and Glenphillipeen,,NO,YES,NO,NO MATCH,NO MATCH,1,APPROVED
BALLYLUCKIN,,Ballyluckin,,NO,YES,NO,NO MATCH,NO MATCH,1,APPROVED
GURTEEN AT MOUNT PLEASANT,,Gurteen at Mount Pleasant,,NO,YES,NO,NO MATCH,NO MATCH,12,APPROVED
BALLYNAKILL,,Ballynakill,,NO,YES,NO,NO MATCH,NO MATCH,2,APPROVED
BALLYKNOCKER EAST,BALLYKNOCKER EAST,Ballyknocker East,BALLYKNOCKER EAST,YES,YES,YES,FUZZY (100%),EXACT,1,PENDING_REVIEW
KILGRIFFIN,,Kilgriffin,,NO,YES,NO,NO MATCH,NO MATCH,4,APPROVED
MINMORE & RATHNAKITT,,Minmore & Rathnakitt,,NO,YES,NO,NO MATCH,NO MATCH,1,APPROVED
BARNACASHEL,BARNACASHEL,Barnacashel,BARNACASHEL,YES,YES,YES,FUZZY (100%),EXACT,1,PENDING_REVIEW
"MULLANS, SOUTH",,"Mullans, South",,NO,YES,NO,NO MATCH,NO MATCH,5,APPROVED
COOLBAWN,,Coolbawn,,NO,YES,NO,NO MATCH,NO MATCH,2,APPROVED
FARNEY AND CORRAVANISH,,Farney and Corravanish,,NO,YES,NO,NO MATCH,NO MATCH,1,APPROVED
BALLYRAGHINE,,Ballyraghine,,NO,YES,NO,NO MATCH,NO MATCH,110,APPROVED
MUCHLAGH,,Muchlagh,,NO,YES,NO,NO MATCH,NO MATCH,6,APPROVED
BALLARNEY,,Ballarney,,NO,YES,NO,NO MATCH,NO MATCH,1,APPROVED
BALLYVOLE,,Ballyvole,,NO,YES,NO,NO MATCH,NO MATCH,1,APPROVED
CARRICKNANEAL,,Carricknaneal,,NO,YES,NO,NO MATCH,NO MATCH,1,APPROVED
KILGUIGGAN,,Kilguiggan,,NO,YES,NO,NO MATCH,NO MATCH,15,APPROVED
KILQUIGGAN,,Kilquiggan,,NO,YES,NO,NO MATCH,NO MATCH,87,APPROVED
DANBURR,,Danburr,,NO,YES,NO,NO MATCH,NO MATCH,1,APPROVED
WHITEROCK,WHITEROCK,Whiterock,WHITEROCK,YES,YES,YES,FUZZY (100%),EXACT,8,PENDING_REVIEW
MUNNEY,,Munney,,NO,YES,NO,NO MATCH,NO MATCH,8,APPROVED
CARRICKGALLER,,Carrickgaller,,NO,YES,NO,NO MATCH,NO MATCH,1,APPROVED
TINAHALEY,,Tinahaley,,NO,YES,NO,NO MATCH,NO MATCH,2,APPROVED
KILLIBEG,,Killibeg,,NO,YES,NO,NO MATCH,NO MATCH,39,APPROVED
GLENPHILLIPEEN,,Glenphillipeen,,NO,YES,NO,NO MATCH,NO MATCH,22,APPROVED
KILQUIGGIN,KILQUIGGIN,Kilquiggin,KILQUIGGIN,YES,YES,YES,FUZZY (100%),EXACT,62,PENDING_REVIEW
COOLRUSS DRIVERS,,Coolruss Drivers,,NO,YES,NO,NO MATCH,NO MATCH,1,APPROVED
COOLKENNA,COOLKENNA,Coolkenna,COOLKENNA,YES,YES,YES,FUZZY (100%),EXACT,92,PENDING_REVIEW
HILLBROOK LOWER,HILLBROOK LOWER,Hillbrook Lower,HILLBROOK LOWER,YES,YES,YES,FUZZY (100%),EXACT,1,PENDING_REVIEW
TINIHALEY COTTAGER,,Tinihaley Cottager,,NO,YES,NO,NO MATCH,NO MATCH,1,APPROVED
RASNASTRAW (SIC),,Rasnastraw (sic),,NO,YES,NO,NO MATCH,NO MATCH,1,APPROVED
KILLIBEGG,,Killibegg,,NO,YES,NO,NO MATCH,NO MATCH,62,APPROVED
BOLARNEY CALLED MILL PLOTT,,Bolarney called Mill Plott,,NO,YES,NO,NO MATCH,NO MATCH,1,APPROVED
BOLARNEY & KNOCKROBIN,,Bolarney & Knockrobin,,NO,YES,NO,NO MATCH,NO MATCH,1,APPROVED
BALLYCUMBER,,Ballycumber,,NO,YES,NO,NO MATCH,NO MATCH,92,APPROVED
GLENASHOUK,,Glenashouk,,NO,YES,NO,NO MATCH,NO MATCH,1,APPROVED
HILLBROOK UPPER,HILLBROOK UPPER,Hillbrook Upper,HILLBROOK UPPER,YES,YES,YES,FUZZY (100%),EXACT,1,PENDING_REVIEW
TIGHLIN,,Tighlin,,NO,YES,NO,NO MATCH,NO MATCH,8,APPROVED
KILPIPE AND TOMNASKELA,,Kilpipe and Tomnaskela,,NO,YES,NO,NO MATCH,NO MATCH,1,APPROVED
BALLINACORBEG/ROSBAWN,,Ballinacorbeg/Rosbawn,,NO,YES,NO,NO MATCH,NO MATCH,9,APPROVED
CURRAVANISH,CURRAVANISH,,CURRAVANISH,YES,NO,YES,NO MATCH,NO MATCH,0,APPROVED
BARRENBAWN,,Barrenbawn,,NO,YES,NO,NO MATCH,NO MATCH,16,APPROVED
KNOCKKADOOMCOYLE,,Knockkadoomcoyle,,NO,YES,NO,NO MATCH,NO MATCH,1,APPROVED
MUCKLAGH,MUCKLAGH,Mucklagh,,YES,YES,NO,FUZZY (100%),NO MATCH,85,PENDING_REVIEW
DUNBUN,,Dunbun,,NO,YES,NO,NO MATCH,NO MATCH,4,APPROVED
GLASNARGET,,Glasnarget,,NO,YES,NO,NO MATCH,NO MATCH,3,APPROVED
BANONBAWN,,Banonbawn,,NO,YES,NO,NO MATCH,NO MATCH,1,APPROVED
BARRENBAUM,,Barrenbaum,,NO,YES,NO,NO MATCH,NO MATCH,3,APPROVED
MOYNE AND SLEAGHROE,,Moyne and Sleaghroe,,NO,YES,NO,NO MATCH,NO MATCH,1,APPROVED
QUIGGINORE,,Quigginore,,NO,YES,NO,NO MATCH,NO MATCH,1,APPROVED
BROOMHALL,,Broomhall,,NO,YES,NO,NO MATCH,NO MATCH,10,APPROVED
ROSBAWN,,Rosbawn,,NO,YES,NO,NO MATCH,NO MATCH,262,APPROVED
CARRIGATLER,,Carrigatler,,NO,YES,NO,NO MATCH,NO MATCH,17,APPROVED
