csv_name,json_name,match_type,match_score,record_count,approval
Askakeagh,ASKAKEAGH,exact,100,29,YES
Ballagh,BALLAGH,exact,100,111,YES
Ballinacor,BALLINACOR,exact,100,7,YES
Ballinglen,BALLINGLEN,exact,100,79,YES
Ballinguile,BALLINGUILE,exact,100,50,YES
Ballybeg,BALLYBEG,exact,100,17,YES
Ballycumber North,BALLYCUMBER NORTH,exact,100,11,YES
Ballycumber South,BALLYCUMBER SOUTH,exact,100,20,YES
Ballynamanoge,BALLYNAMANOGE,exact,100,6,YES
Ballyshonog,BALLYSHONOG,exact,100,17,YES
Carrick,CARRICK,exact,100,3,YES
Carrigatheme,CARRIGATHEME,exact,100,1,YES
Carrigroe,CARRIGROE,exact,100,10,YES
Churchland,CHURCHLAND,exact,100,6,YES
Coolafunshoge,COOLAFUNSHOGE,exact,100,10,YES
Coolalug,COOLALUG,exact,100,9,YES
Coolbawn or Coolballintaggart,COOLBAWN or COOLBALLINTAGGART,exact,100,16,YES
Coolross,COOLROSS,exact,100,18,YES
Corndog,CORNDOG,exact,100,8,YES
Cross,CROSS,exact,100,1,YES
Drummin,DRUMMIN,exact,100,15,YES
Farnees,FARNEES,exact,100,123,YES
Garryhoe,GARRYHOE,exact,100,21,YES
Kilballyowen,KILBALLYOWEN,exact,100,188,YES
Killaveny,KILLAVENY,exact,100,96,YES
Kilpipe,KILPIPE,exact,100,170,YES
Knocknaboley,KNOCKNABOLEY,exact,100,178,YES
Knocknagree,KNOCKNAGREE,exact,100,2,YES
Kyle,KYLE,exact,100,65,YES
Lugduff,LUGDUFF,exact,100,56,YES
Lybagh,LYBAGH,exact,100,1,YES
Mangans,MANGANS,exact,100,44,YES
Mill Land,MILL LAND,exact,100,4,YES
Moyne,MOYNE,exact,100,90,YES
Mucklagh,MUCKLAGH,exact,100,85,YES
Mullannaskeagh,MULLANNASKEAGH,exact,100,1,YES
Muskeagh,MUSKEAGH,exact,100,50,YES
Preban,PREBAN,exact,100,29,YES
Raheenteige,RAHEENTEIGE,exact,100,4,YES
Rathbane,RATHBANE,exact,100,10,YES
Rathcot,RATHCOT,exact,100,1,YES
Rathcoyle Lower,RATHCOYLE LOWER,exact,100,1,YES
Rathcoyle Upper,RATHCOYLE UPPER,exact,100,2,YES
Rathmeague,RATHMEAGUE,exact,100,6,YES
Rathshanmore South,RATHSHANMORE SOUTH,exact,100,6,YES
Roddenagh,RODDENAGH,exact,100,15,YES
Rosbane,ROSBANE,exact,100,12,YES
Rosnastraw,ROSNASTRAW,exact,100,49,YES
Slievemaan,SLIEVEMAAN,exact,100,1,YES
Slievemweel,SLIEVEMWEEL,exact,100,29,YES
Slievenamough,SLIEVENAMOUGH,exact,100,7,YES
Slievenamough Plain,SLIEVENAMOUGH PLAIN,exact,100,3,YES
Slieveroe,SLIEVEROE,exact,100,16,YES
Tinahely,TINAHELY,exact,100,250,YES
Toberlownagh,TOBERLOWNAGH,exact,100,15,YES
Toberpatrick,TOBERPATRICK,exact,100,18,YES
Tomcoyle,TOMCOYLE,exact,100,42,YES
Toorboy,TOORBOY,exact,100,5,YES
Whitefield,WHITEFIELD,exact,100,6,YES
Whiterock,WHITEROCK,exact,100,8,YES
Aghowle Lower,AGHOWLE LOWER,exact,100,18,YES
Aghowle Upper,AGHOWLE UPPER,exact,100,16,YES
Ardoyne,ARDOYNE,exact,100,138,YES
Balisland,BALISLAND,exact,100,1,YES
Ballard,BALLARD,exact,100,236,YES
Ballingate,BALLINGATE,exact,100,25,YES
Ballingate Lower,BALLINGATE LOWER,exact,100,1,YES
Ballingate Upper,BALLINGATE UPPER,exact,100,1,YES
Ballyconnell,BALLYCONNELL,exact,100,149,YES
Ballykelly,BALLYKELLY,exact,100,137,YES
Ballyknocker East,BALLYKNOCKER EAST,exact,100,1,YES
Ballyknocker West,BALLYKNOCKER WEST,exact,100,1,YES
Ballymarroge,BALLYMARROGE,exact,100,7,YES
Ballynavortha,BALLYNAVORTHA,exact,100,1,YES
Ballynultagh,BALLYNULTAGH,exact,100,45,YES
Ballyraheen,BALLYRAHEEN,exact,100,22,YES
Barnacashel,BARNACASHEL,exact,100,1,YES
Boley,BOLEY,exact,100,140,YES
Boleybawn,BOLEYBAWN,exact,100,1,YES
Carnew,CARNEW,exact,100,547,YES
Coolafancy,COOLAFANCY,exact,100,3,YES
Coolroe,COOLROE,exact,100,190,YES
Gowle,GOWLE,exact,100,71,YES
Crone,CRONE,exact,100,18,YES
Cronelea,CRONELEA,exact,100,104,YES
Cronyhorn Lower,CRONYHORN LOWER,exact,100,1,YES
Cronyhorn Upper,CRONYHORN UPPER,exact,100,1,YES
Deerpark,DEERPARK,exact,100,1,YES
Gorteen,GORTEEN,exact,100,1,YES
Greenhall,GREENHALL,exact,100,2,YES
Hillbrook Lower,HILLBROOK LOWER,exact,100,1,YES
Hillbrook Upper,HILLBROOK UPPER,exact,100,1,YES
Kennystown,KENNYSTOWN,exact,100,1,YES
Killabeg,KILLABEG,exact,100,8,YES
Killinure,KILLINURE,exact,100,445,YES
Kilquiggin,KILQUIGGIN,exact,100,62,YES
Knockatomcoyle,KNOCKATOMCOYLE,exact,100,22,YES
Knockeen,KNOCKEEN,exact,100,81,YES
Knockloe,KNOCKLOE,exact,100,16,YES
Laragh,LARAGH,exact,100,13,YES
Liscolman,LISCOLMAN,exact,100,16,YES
Lumcloon,LUMCLOON,exact,100,6,YES
Minmore,MINMORE,exact,100,91,YES
Money Lower,MONEY LOWER,exact,100,8,YES
Money Upper,MONEY UPPER,exact,100,23,YES
Mountpleasant,MOUNTPLEASANT,exact,100,1,YES
Moylisha,MOYLISHA,exact,100,1,YES
Newry,NEWRY,exact,100,1,YES
Newtown,NEWTOWN,exact,100,19,YES
Park,PARK,exact,100,81,YES
Parkmore,PARKMORE,exact,100,23,YES
Parkmore (Page),PARKMORE (Page),exact,100,1,YES
Paulbeg,PAULBEG,exact,100,1,YES
Quigginroe,QUIGGINROE,exact,100,11,YES
Raheenakit,RAHEENAKIT,exact,100,2,YES
Raheenglass,RAHEENGLASS,exact,100,1,YES
Raheengraney,RAHEENGRANEY,exact,100,1,YES
Seskin,SESKIN,exact,100,1,YES
Stoops,STOOPS,exact,100,1,YES
Stranakelly,STRANAKELLY,exact,100,18,YES
Tomacork,TOMACORK,exact,100,97,YES
Tombreen,TOMBREEN,exact,100,2,YES
Tomnafinnoge,TOMNAFINNOGE,exact,100,1,YES
Tullowclay,TULLOWCLAY,exact,100,49,YES
Umrygar,UMRYGAR,exact,100,8,YES
Coolboy,COOLBOY,exact,100,305,YES
Rath,RATH,exact,100,18,YES
Coolkenna,COOLKENNA,exact,100,92,YES
Coolattin,COOLATTIN,exact,100,132,YES
Glenphilipeen,GLENPHILIPEEN,exact,100,12,YES
Tomnaskela,TOMNASKELA,exact,100,8,YES
Bridgeland,BRIDGELAND,exact,100,1,YES
Ballinguile Hill,BALLINGUILEHILL,fuzzy,97,3,PENDING
Carraghlawn,CURRAGHLAWN,fuzzy,91,4,PENDING
"Mullans, North",MULLANS NORTH,fuzzy,96,6,PENDING
"Mullans, South",MULLANS SOUTH,fuzzy,96,5,PENDING
Glenashouk,GLENNASHOUK,fuzzy,95,1,PENDING
Kileavan Lower,KILCAVAN LOWER,fuzzy,93,1,PENDING
Kileavan Upper,KILCAVAN UPPER,fuzzy,93,1,PENDING
Mungacullen,MUNGACULLIN,fuzzy,91,11,PENDING
Motybower,MOTABOWER,fuzzy,89,129,PENDING
Corravanish,CURRAVANISH,fuzzy,91,5,PENDING
