variant,canonical,match_method,occurrences,compound_parts
Abbey & land,ABBEYLANDS,subdivision_pair,1,
Abbey & Land,ABBEYLANDS,subdivision_pair,1,
Ballarney and Abbeysands,ABBEYLANDS,compound_partial,1,ABBEYLANDS
Ballarney And Abbeysands,ABBEYLANDS,compound_partial,1,ABBEYLANDS
Aghold,AGHOWLE,source_pairing,399,
Aghowle,AGHOWLE,normalized_exact,252,
Aghowle Lower,AGHOWLE LOWER,normalized_exact,52,
Aghowle Upper,AGHOWLE UPPER,normalized_exact,40,
Anamoe,ANNAMOE,original_entry,0,
Ardoyne,ARDOYNE,normalized_exact,349,
Askakeagh,ASKAKEAGH,normalized_exact,236,
Askikeagh,ASKAKEAGH,source_pairing,163,
Bahana,BAHANA,normalized_exact,4,
Balisland,BALISLAND,normalized_exact,32,
Ballisland,BALISLAND,source_pairing,65,
Ballisland at Yewtree,BALISLAND,locative_at,1,
Ballisland At Yewtree,BALISLAND,locative_at,1,
Ballagh,BALLAGH,normalized_exact,259,
Ballard,BALLARD,normalized_exact,564,
Ballard and Crone,BALLARD,compound_first_part,1,BALLARD | CRONE
Ballard And Crone,BALLARD,compound_first_part,1,BALLARD | CRONE
Ballynaclash,BALLINACLASH,original_entry,0,
Ballinacor,BALLINACOR,normalized_exact,14,
Ballinacur,BALLINACOR,original_entry,0,
Ballinacor & Tinahely,BALLINACOR (ED TINAHELY),subdivision_pair,4,
Ballinacorbeg/Rosbawn,BALLINACORBEG,compound_first_part,9,BALLINACORBEG | ROSBANE
Ballincorbeg,BALLINACORBEG,fuzzy_spelling,18,
Balilionogue,BALLINAGEE,phonetic_exact_multi,2,
Ballynakill,BALLINAKILL,fuzzy_spelling,4,
Boleynakill,BALLINAKILL,phonetic_exact_multi,10,
Boleynakill & Barrenbawn,BALLINAKILL,compound_first_part,2,BALLINAKILL | BARNBAWN
Boleynakill and Stump,BALLINAKILL,compound_partial,1,BALLINAKILL
Boleynakill And Stump,BALLINAKILL,compound_partial,1,BALLINAKILL
Ballinalla,BALLINALEA,fuzzy_spelling,6,
Ballinastraw,BALLINASTRAW,normalized_exact,4,
Ballinden,BALLINEDDAN,phonetic_exact_multi,6,
Ballingate,BALLINGATE,normalized_exact,107,
Bullinagate,BALLINGATE,source_pairing,5,
Bullingate,BALLINGATE,source_pairing,104,
Ballingate Lower,BALLINGATE LOWER,normalized_exact,2,
Ballingate Upper,BALLINGATE UPPER,normalized_exact,2,
Balinglen,BALLINGLEN,fuzzy_spelling,2,
Ballenglen,BALLINGLEN,source_pairing,6,
Ballinglen,BALLINGLEN,normalized_exact,172,
Ballenguile,BALLINGUILE,fuzzy_spelling,313,
Ballinguile,BALLINGUILE,normalized_exact,413,
Balllinguile,BALLINGUILE,fuzzy_spelling,4,
Towerboy & Ballenguile,BALLINGUILE,compound_partial,8,BALLINGUILE
Towerboy & Ballinguole,BALLINGUILE,compound_partial,8,BALLINGUILE
Ballinguile Hill,BALLINGUILEHILL,normalized_exact,6,
Ballytuskin,BALLINTESKIN,phonetic_fuzzy,22,
Ballinvally,BALLINVALLY,normalized_exact,6,
Ballybeg,BALLYBEG,normalized_exact,77,
Ballybegg,BALLYBEG,source_pairing,67,
Ballybegg and Garryhow,BALLYBEG,compound_partial,2,BALLYBEG
Ballybegg And Garryhow,BALLYBEG,compound_partial,2,BALLYBEG
Ballyvole,BALLYBLA,phonetic_exact,2,
Ballyconnell,BALLYCONNELL,normalized_exact,351,
Balyconnell,BALLYCONNELL,fuzzy_spelling,2,
Ballycumber,BALLYCUMBER,normalized_exact,204,
Balycumber,BALLYCUMBER,fuzzy_spelling,2,
Ballycumber North,BALLYCUMBER NORTH,normalized_exact,22,
Ballycumber South,BALLYCUMBER SOUTH,normalized_exact,40,
Balllygannon,BALLYGANNON,fuzzy_spelling,2,
Balllygannon and Knockadozen,BALLYGANNON,compound_first_part,1,BALLYGANNON | KNOCKADOSAN
Balllygannon And Knockadozen,BALLYGANNON,compound_first_part,1,BALLYGANNON | KNOCKADOSAN
Ballygannon,BALLYGANNON,normalized_exact,126,
Ballygannon & Knockadozen,BALLYGANNON,compound_first_part,4,BALLYGANNON | KNOCKADOSAN
Ballygannon and Rathdrum,BALLYGANNON,compound_first_part,1,BALLYGANNON | RATHDRUM
Ballygannon And Rathdrum,BALLYGANNON,compound_first_part,1,BALLYGANNON | RATHDRUM
Ballygannon at Tansey Close,BALLYGANNON,locative_at,4,
Ballygannon At Tansey Close,BALLYGANNON,locative_at,4,
Ballygannon Cottages,BALLYGANNON,qualifier_trimmed,4,
Ballyguile,BALLYGUILE,normalized_exact,28,
Ballykelly,BALLYKELLY,normalized_exact,358,
Ballyknockers and Deerepark,BALLYKNOCKER,compound_first_part,23,BALLYKNOCKER | DEERPARK
Ballyknockers And Deerepark,BALLYKNOCKER,compound_first_part,23,BALLYKNOCKER | DEERPARK
Ballyknocker East,BALLYKNOCKER EAST,normalized_exact,2,
Ballyknocker West,BALLYKNOCKER WEST,normalized_exact,2,
Ballyoolen,BALLYLION,phonetic_exact_multi,4,
Ballymarroge,BALLYMARROGE,normalized_exact,14,
Ballynagran,BALLYNAGRAN (ED GLENEALY),normalized_exact,2,
Ballynamanoge,BALLYNAMANOGE,normalized_exact,22,
Ballinaverta,BALLYNAVORTHA,source_pairing,9,
Ballinavorta,BALLYNAVORTHA,fuzzy_spelling,14,
Ballinavortha,BALLYNAVORTHA,fuzzy_spelling,12,
Ballynavortha,BALLYNAVORTHA,normalized_exact,20,
Ballinerrin,BALLYNERRIN (ED KILCOOLE),fuzzy_spelling,2,
Ballynerrin,BALLYNERRIN (ED KILCOOLE),normalized_exact,4,
Ballinulta,BALLYNULTAGH,source_pairing,590,
Ballynultagh,BALLYNULTAGH,normalized_exact,914,
Ballraghine,BALLYRAHEEN,source_pairing,9,
Ballyraghine,BALLYRAHEEN,source_pairing,110,
Ballyraheen,BALLYRAHEEN,normalized_exact,282,
Ballyraphine,BALLYRAINE,fuzzy_spelling,72,
Ballyraphine and Newtown,BALLYRAINE,compound_first_part,1,BALLYRAINE | NEWTOWN
Ballyraphine And Newtown,BALLYRAINE,compound_first_part,1,BALLYRAINE | NEWTOWN
Ballyraghin,BALLYROGAN,phonetic_exact,60,
Ballicionogue,BALLYSHONOG,source_pairing,69,
Balliecionogue,BALLYSHONOG,source_pairing,9,
Ballinicionogue,BALLYSHONOG,source_pairing,8,
Ballyshonog,BALLYSHONOG,normalized_exact,164,
Ballyvolan,BALLYVOLAN,normalized_exact,22,
Ballyvolen,BALLYVOLAN,source_pairing,7,
Ballyvolen (sic),BALLYVOLAN,fuzzy_spelling,1,
Barnacashel,BARNACASHEL,normalized_exact,2,
Barnamuinga,BARNAMUINGA,normalized_exact,26,
Barrenbawn,BARNBAWN,fuzzy_spelling,32,
Barrinbacon,BARNBAWN,phonetic_fuzzy,2,
Blackditch,BLACKDITCH,normalized_exact,24,
Blackditch and Ballyadock,BLACKDITCH,compound_partial,1,BLACKDITCH
Blackditch And Ballyadock,BLACKDITCH,compound_partial,1,BLACKDITCH
Blackditch and Newcastle,BLACKDITCH,compound_first_part,1,BLACKDITCH | NEWCASTLE
Blackditch And Newcastle,BLACKDITCH,compound_first_part,1,BLACKDITCH | NEWCASTLE
Blainroe,BLAINROE,normalized_exact,12,
Boley,BOLEY,normalized_exact,379,
Boleybawn,BOLEYBAWN,normalized_exact,2,
Bolarney,BOLLARNEY,fuzzy_spelling,86,
Bolarney & Knockrobin,BOLLARNEY,compound_first_part,2,BOLLARNEY | KNOCKROBIN
Bolarney and Ballinorrin,BOLLARNEY,compound_partial,1,BOLLARNEY
Bolarney And Ballinorrin,BOLLARNEY,compound_partial,1,BOLLARNEY
Bolarney and Burkeen,BOLLARNEY,compound_first_part,1,BOLLARNEY | BURKEEN
Bolarney And Burkeen,BOLLARNEY,compound_first_part,1,BOLLARNEY | BURKEEN
Bolarney called Mill Plott,BOLLARNEY,qualifier_trimmed,1,
Bolarney Called Mill Plott,BOLLARNEY,qualifier_trimmed,1,
Bolarnew Murragh & Island,BOLLARNEY MURRAGH,compound_partial,2,BOLLARNEY MURRAGH
Bridgeland,BRIDGELAND,normalized_exact,4,
Harnees and Bridgeland,BRIDGELAND,compound_partial,1,BRIDGELAND
Harnees And Bridgeland,BRIDGELAND,compound_partial,1,BRIDGELAND
Harney at Bridgeland,BRIDGELAND,locative_at,1,
Harney At Bridgeland,BRIDGELAND,locative_at,1,
Broomhall,BROOMHALL,normalized_exact,20,
Barkeen,BURKEEN,phonetic_exact_multi,2,
Burkeen,BURKEEN,normalized_exact,45,
Carnew,CARNEW,normalized_exact,1154,
Urrigain & Carnew,CARNEW,compound_partial,2,CARNEW
Carrick,CARRICK,normalized_exact,10,
Carrigatheme,CARRIGATHEME,normalized_exact,2,
Carricknameal,CARRIGNAMWEEL,phonetic_fuzzy,48,
Carrignameal,CARRIGNAMWEEL,fuzzy_spelling,18,
Carrignamweel,CARRIGNAMWEEL,normalized_exact,26,
Carrickacrow,CARRIGROE,source_pairing,34,
Carrigacrow,CARRIGROE,source_pairing,23,
Carrigroe,CARRIGROE,normalized_exact,94,
Churchland,CHURCHLAND,normalized_exact,12,
Coolafancy,COOLAFANCY,normalized_exact,458,
Coolfancey,COOLAFANCY,fuzzy_spelling,68,
Coolfancy,COOLAFANCY,source_pairing,272,
Coolfeaney?,COOLAFANCY,phonetic_fuzzy,2,
Coolafunshoge,COOLAFUNSHOGE,normalized_exact,46,
Coolnafinogue,COOLAFUNSHOGE,source_pairing,7,
Coolalug,COOLALUG,normalized_exact,78,
Coolalugg,COOLALUG,fuzzy_spelling,18,
Coolelug,COOLALUG,source_pairing,25,
Coolelugg,COOLALUG,source_pairing,4,
Coolilugg,COOLALUG,phonetic_exact_multi,4,
Colattin,COOLATTIN,original_entry,0,
Collattin,COOLATTIN,source_pairing,14,
Coolattin,COOLATTIN,normalized_exact,585,
Coolattin & Cronystown,COOLATTIN,compound_first_part,2,COOLATTIN | CURRANSTOWN
Coolattin als. Stoops,COOLATTIN,source_pairing,6,
Coolattin and Coolattin Park,COOLATTIN,compound_first_part,37,COOLATTIN | COOLATTIN PARK
Coolattin And Coolattin Park,COOLATTIN,compound_first_part,37,COOLATTIN | COOLATTIN PARK
Coolattin or Barracks,COOLATTIN,source_pairing,6,
Coollattin,COOLATTIN,original_entry,266,
Coollattin & Cronyhorn,COOLATTIN,compound_first_part,2,COOLATTIN | CRONYHORN
Coolbawn,COOLAWINNIA,phonetic_exact_multi,4,
Coolbawn or Coolballintaggart,COOLBAWN OR COOLBALLINTAGGART,normalized_exact,17,
Coolbawn Or Coolballintaggart,COOLBAWN OR COOLBALLINTAGGART,normalized_exact,17,
Coolboy,COOLBOY,normalized_exact,764,
Coolboy and Hillbrook,COOLBOY,compound_first_part,4,COOLBOY | HILLBROOK
Coolboy And Hillbrook,COOLBOY,compound_first_part,4,COOLBOY | HILLBROOK
Coolboy at Hillbrook,COOLBOY,locative_at,1,
Coolboy At Hillbrook,COOLBOY,locative_at,1,
Coalkenna,COOLKENNA,fuzzy_spelling,2,
Coolkenna,COOLKENNA,normalized_exact,263,
Coolkenna & Barnacashel,COOLKENNA,compound_first_part,70,COOLKENNA | BARNACASHEL
Coolkenno,COOLKENNA,source_pairing,110,
Coolbroe,COOLROE,fuzzy_spelling,20,
Coolroe,COOLROE,normalized_exact,514,
Coolross,COOLROSS,normalized_exact,36,
Coolross and Tomcoyle,COOLROSS,compound_first_part,1,COOLROSS | TOMCOYLE
Coolross And Tomcoyle,COOLROSS,compound_first_part,1,COOLROSS | TOMCOYLE
Coolruss,COOLROSS,phonetic_exact,130,
Coolruss and Tinahaley,COOLROSS,compound_first_part,1,COOLROSS | TINAHELY
Coolruss And Tinahaley,COOLROSS,compound_first_part,1,COOLROSS | TINAHELY
Coolruss Drivers,COOLROSS,qualifier_trimmed,2,
Coolruss Park,COOLROSS,subdivision_pair,10,
Corballis,CORBALLIS,normalized_exact,76,
Carnane,CORNAN,phonetic_exact_multi,10,
Corandagg,CORNDOG,phonetic_exact,2,
Corandogg,CORNDOG,phonetic_exact,41,
Corndog,CORNDOG,normalized_exact,54,
Corndogg,CORNDOG,fuzzy_spelling,16,
Corrandagg,CORNDOG,phonetic_exact,4,
Carney,CRONE,phonetic_exact_multi,24,
Crone,CRONE,normalized_exact,38,
Cronelea,CRONELEA,normalized_exact,295,
Corneyhorn,CRONYHORN,phonetic_exact_multi,16,
Croneyhorn,CRONYHORN,fuzzy_spelling,134,
Cronyhorn,CRONYHORN,normalized_exact,80,
Cronythorn,CRONYHORN,fuzzy_spelling,48,
Cronyhorn Lower,CRONYHORN LOWER,normalized_exact,2,
Cronyhorn Upper,CRONYHORN UPPER,normalized_exact,2,
Cross,CROSS,normalized_exact,2,
Carraghlawn,CURRAGHLAWN,phonetic_exact,12,
Corravanish,CURRAVANISH,source_pairing,6,
Corrovanish,CURRAVANISH,phonetic_exact,2,
Curravanish,CURRAVANISH,normalized_exact,36,
Farney and Corravanish,CURRAVANISH,compound_partial,1,CURRAVANISH
Farney And Corravanish,CURRAVANISH,compound_partial,1,CURRAVANISH
Deerpark,DEERPARK,normalized_exact,2,
Drumdangan,DRUMDANGAN,normalized_exact,6,
Drumdangan & Rahana,DRUMDANGAN,subdivision_pair,2,
Drumin,DRUMMIN,fuzzy_spelling,26,
Drumin at Park,DRUMMIN,locative_at,1,
Drumin At Park,DRUMMIN,locative_at,1,
Drumin Park,DRUMMIN,source_pairing,8,
Drummin,DRUMMIN,normalized_exact,97,
Park alias Drumin,DRUMMIN,source_pairing,4,
Park at Drumin,DRUMMIN,source_pairing,17,
Park at Drummin,DRUMMIN,source_pairing,11,
Danburr,DUNBUR,phonetic_exact,2,
Dunburr,DUNBUR,fuzzy_spelling,6,
[Farnees struck out] Corravanish,FARNEES,qualifier_trimmed,1,
Crossbridge,FARNEES,source_pairing,5,
Farnees,FARNEES,normalized_exact,348,
Farnees and Bridgeland,FARNEES,compound_first_part,2,FARNEES | BRIDGELAND
Farnees And Bridgeland,FARNEES,compound_first_part,2,FARNEES | BRIDGELAND
Farnees at Crossbridge,FARNEES,source_pairing,6,
Farness,FARNEES,source_pairing,5,
Garryhoe,GARRYHOE,normalized_exact,44,
Garryhoe (sic),GARRYHOE,normalized_exact,2,
Glasnarget,GLASNARGET,normalized_exact,14,
Glazenaret,GLASNARGET,source_pairing,4,
Glazinarget,GLASNARGET,phonetic_exact,38,
Glenashouk,GLENNASHOUK,fuzzy_spelling,2,
Glenyshoke,GLENNASHOUK,phonetic_exact_multi,6,
Glenyshoke and Ballingate,GLENNASHOUK,compound_first_part,1,GLENNASHOUK | BALLINGATE
Glenyshoke And Ballingate,GLENNASHOUK,compound_first_part,1,GLENNASHOUK | BALLINGATE
Glandphilipeen,GLENPHILIPEEN,fuzzy_spelling,8,
Glenfillippeen,GLENPHILIPEEN,phonetic_exact,13,
Glenphilipeen,GLENPHILIPEEN,normalized_exact,12,
Glenphilipeen/Tinahely,GLENPHILIPEEN,compound_first_part,9,GLENPHILIPEEN | TINAHELY
Glenphilippeen,GLENPHILIPEEN,fuzzy_spelling,198,
Glenphillipeen,GLENPHILIPEEN,fuzzy_spelling,44,
Glenphillippeen,GLENPHILIPEEN,fuzzy_spelling,57,
Gorteen,GORTEEN,normalized_exact,102,
Gurteen,GORTEEN,source_pairing,77,
Gurteen alias Green Hall,GORTEEN,source_pairing,7,
Gurteen at Mount Pleasant,GORTEEN,source_pairing,12,
Gowle,GOWLE,normalized_exact,197,
Greenhall,GREENHALL,normalized_exact,5,
Hillbrook,HILLBROOK,normalized_exact,292,
Hillbrook and Up Coolboy,HILLBROOK,compound_partial,1,HILLBROOK
Hillbrook And Up Coolboy,HILLBROOK,compound_partial,1,HILLBROOK
Hillbrook at Bardmore,HILLBROOK,locative_at,1,
Hillbrook At Bardmore,HILLBROOK,locative_at,1,
Hillbrooke,HILLBROOK,source_pairing,127,
Hillbrooke/Parkmore,HILLBROOK,source_pairing,6,
Up Coolboy and Hillbrook,HILLBROOK,compound_partial,1,HILLBROOK
Up Coolboy And Hillbrook,HILLBROOK,compound_partial,1,HILLBROOK
Hillbrook Lower,HILLBROOK LOWER,normalized_exact,2,
Hillbrook Upper,HILLBROOK UPPER,normalized_exact,2,
Jigginstown,JOHNSTOWN,phonetic_exact_multi,12,
Kennystown,KENNYSTOWN,normalized_exact,2,
Kilballyowen,KILBALLYOWEN,normalized_exact,557,
Kilballyowen Rathdrum,KILBALLYOWEN,qualifier_trimmed,6,
Killballyowen,KILBALLYOWEN,fuzzy_spelling,89,
Kilcavan,KILCAVAN,normalized_exact,334,
Kilcaven,KILCAVAN,source_pairing,367,
Kileavan Lower,KILCAVAN LOWER,fuzzy_spelling,2,
Kileavan Upper,KILCAVAN UPPER,fuzzy_spelling,2,
Killabeg,KILLABEG,normalized_exact,150,
Killibeg,KILLABEG,source_pairing,39,
Killibegg,KILLABEG,source_pairing,119,
Killibegge,KILLABEG,source_pairing,3,
Killibegs,KILLABEG,source_pairing,7,
Killybegg,KILLABEG,source_pairing,8,
Killacloran,KILLACLORAN,normalized_exact,2,
Killadrennan,KILLADREENAN,fuzzy_spelling,2,
Killidreenin,KILLADREENAN,phonetic_exact,1,
Killidreenin [?],KILLADREENAN,phonetic_exact,1,
Kilaveney,KILLAVENY,fuzzy_spelling,54,
Kilaveny,KILLAVENY,fuzzy_spelling,16,
Kileaven,KILLAVENY,phonetic_exact_multi,2,
Killaveny,KILLAVENY,normalized_exact,263,
Killaleagh,KILLEAGH,fuzzy_spelling,2,
Killileage,KILLEAGH,phonetic_exact_multi,18,
Kililnure,KILLINURE,fuzzy_spelling,2,
Killinure,KILLINURE,normalized_exact,1202,
Killlinure,KILLINURE,fuzzy_spelling,4,
Killybeg,KILLYBEG,normalized_exact,2,
Kilmalone,KILMALIN,phonetic_exact,38,
Cill Mhantain,KILMANTAN,original_entry,0,
Kilmartin,KILMARTIN,normalized_exact,10,
Kilmullin,KILMULLIN (ED MONEYSTOWN),normalized_exact,2,
Kilpipe,KILPIPE,normalized_exact,412,
Kilpipe + Tomnaskela,KILPIPE,compound_first_part,2,KILPIPE | TOMNASKELA
Kilpipe and Coolbawn,KILPIPE,compound_first_part,5,KILPIPE | COOLAWINNIA
Kilpipe And Coolbawn,KILPIPE,compound_first_part,5,KILPIPE | COOLAWINNIA
Kilpipe and Tomnaskela,KILPIPE,compound_first_part,1,KILPIPE | TOMNASKELA
Kilpipe And Tomnaskela,KILPIPE,compound_first_part,1,KILPIPE | TOMNASKELA
Kilpipe at Coolbawn,KILPIPE,locative_at,1,
Kilpipe At Coolbawn,KILPIPE,locative_at,1,
Kilpipe/Coolbawn,KILPIPE,source_pairing,10,
Kilpoole,KILPOOLE,normalized_exact,6,
Kilguiggan,KILQUIGGIN,phonetic_exact_multi,15,
Kilguiggin,KILQUIGGIN,fuzzy_spelling,73,
Kilquiggan,KILQUIGGIN,fuzzy_spelling,235,
Kilquiggin,KILQUIGGIN,normalized_exact,111,
Knockadosen,KNOCKADOSAN,fuzzy_spelling,16,
Knockadozen,KNOCKADOSAN,phonetic_exact,60,
Knnockadoomcoyle,KNOCKATOMCOYLE,phonetic_exact,4,
Knockadoomcoyle,KNOCKATOMCOYLE,source_pairing,313,
Knockadoomcoyle (lease having expired),KNOCKATOMCOYLE,fuzzy_spelling,1,
Knockadoomcoyle Park,KNOCKATOMCOYLE,subdivision_pair,2,
Knockadoomeagle,KNOCKATOMCOYLE,phonetic_exact,4,
Knockatomcoyle,KNOCKATOMCOYLE,normalized_exact,208,
Knockkadoomcoyle,KNOCKATOMCOYLE,phonetic_exact,2,
Knocknadoomcoyle,KNOCKATOMCOYLE,source_pairing,7,
Knockeen,KNOCKEEN,normalized_exact,211,
Knockeen or Killinure,KNOCKEEN,qualifier_trimmed,1,
Knockeen Or Killinure,KNOCKEEN,qualifier_trimmed,1,
Knockkeen,KNOCKEEN,fuzzy_spelling,44,
Knockloe,KNOCKLOE,normalized_exact,132,
Knocklow,KNOCKLOE,source_pairing,80,
Knocknaboley,KNOCKNABOLEY,normalized_exact,438,
Knocknaboly,KNOCKNABOLEY,source_pairing,7,
Knocknagree,KNOCKNAGREE,normalized_exact,4,
Knockra,KNOCKRATH,original_entry,0,
"[""Kyle"" struck out] Ballycumber",KYLE,qualifier_trimmed,1,
Kyle,KYLE,normalized_exact,130,
Laragh,LARAGH,normalized_exact,98,
Larragh,LARAGH,source_pairing,38,
Leamore,LEAMORE,normalized_exact,6,
Lascoleman,LISCOLMAN,source_pairing,164,
Lascolman,LISCOLMAN,source_pairing,7,
Liscoleman,LISCOLMAN,source_pairing,10,
Liscolman,LISCOLMAN,normalized_exact,140,
Lugaduff,LUGDUFF,fuzzy_spelling,26,
Lugduff,LUGDUFF,normalized_exact,143,
Lumcloon,LUMCLOON,normalized_exact,18,
Lybagh,LYBAGH,normalized_exact,2,
Mangans,MANGANS,normalized_exact,104,
Mangens,MANGANS,source_pairing,7,
Mangins,MANGANS,phonetic_exact,20,
Merrymeeting,MERRYMEETING,normalized_exact,44,
Merrymeeting and Knockrobhan,MERRYMEETING,compound_first_part,1,MERRYMEETING | KNOCKROBIN
Merrymeeting And Knockrobhan,MERRYMEETING,compound_first_part,1,MERRYMEETING | KNOCKROBIN
Mill Land,MILL LAND,normalized_exact,8,
Minmore,MINMORE,normalized_exact,247,
Minmore & Rathnakitt,MINMORE,compound_first_part,2,MINMORE | RAHEENAKIT
Minmore at Rathnakill,MINMORE,locative_at,1,
Minmore At Rathnakill,MINMORE,locative_at,1,
Minmore/Parkmore,MINMORE,source_pairing,6,
L'Munny,MONEY,source_pairing,6,
L. Munney,MONEY,source_pairing,7,
Lr. Munney,MONEY,source_pairing,5,
Money,MONEY,normalized_exact,180,
Muney,MONEY,source_pairing,2,
Munney,MONEY,source_pairing,8,
Munny,MONEY,source_pairing,144,
Money Lower,MONEY LOWER,normalized_exact,16,
Money Upper,MONEY UPPER,normalized_exact,46,
Moneys Town,MONEYSTOWN,original_entry,0,
Moatabower,MOTABOWER,fuzzy_spelling,1,
Moatabower (Co. Wexford),MOTABOWER,fuzzy_spelling,1,
Motabower,MOTABOWER,normalized_exact,168,
Moteybower,MOTABOWER,phonetic_exact,2,
Motybower,MOTABOWER,source_pairing,174,
Mountpleasant,MOUNTPLEASANT,normalized_exact,2,
Melitia,MOYLISHA,source_pairing,89,
Militia,MOYLISHA,source_pairing,10,
Moylisha,MOYLISHA,normalized_exact,100,
Moyne,MOYNE,normalized_exact,193,
Moyne and Sleaghroe,MOYNE,compound_partial,1,MOYNE
Moyne And Sleaghroe,MOYNE,compound_partial,1,MOYNE
Muchlagh,MUCKLAGH,source_pairing,6,
Mucklagh,MUCKLAGH,normalized_exact,216,
Carrickgalter,MULLANNASKEAGH,source_pairing,6,
Molanasky,MULLANNASKEAGH,source_pairing,12,
Molonaskey,MULLANNASKEAGH,source_pairing,3,
Mullannaskeagh,MULLANNASKEAGH,normalized_exact,44,
Mulins,MULLANS,phonetic_exact_multi,2,
Mullans,MULLANS,normalized_exact,200,
Mullens,MULLANS,phonetic_exact_multi,8,
Mullins,MULLANS,source_pairing,321,
Mulllins,MULLANS,phonetic_exact_multi,2,
"Mullans, North",MULLANS NORTH,normalized_exact,14,
"Mullans, South",MULLANS SOUTH,normalized_exact,12,
Monaghcullen,MUNGACULLIN,phonetic_exact,8,
Monaghullen,MUNGACULLIN,phonetic_exact,87,
Mungacullen,MUNGACULLIN,fuzzy_spelling,84,
Mungacullin,MUNGACULLIN,normalized_exact,16,
Muskeagh,MUSKEAGH,normalized_exact,138,
Newcastle,NEWCASTLE,normalized_exact,109,
Newcastle and Blackditch,NEWCASTLE,compound_first_part,2,NEWCASTLE | BLACKDITCH
Newcastle And Blackditch,NEWCASTLE,compound_first_part,2,NEWCASTLE | BLACKDITCH
Newcastlle at Blackditch,NEWCASTLE,locative_at,1,
Newcastlle At Blackditch,NEWCASTLE,locative_at,1,
New Roe,NEWRY,phonetic_exact_multi,18,
Newry,NEWRY,normalized_exact,162,
Urelands,NEWRY,source_pairing,120,
Newtown,NEWTOWN,normalized_exact,44,
Park,PARK,normalized_exact,169,
Park and Coolrun,PARK,compound_partial,1,PARK
Park And Coolrun,PARK,compound_partial,1,PARK
Park and Coolrun and Drumin,PARK,compound_partial,1,PARK | DRUMMIN
Park And Coolrun And Drumin,PARK,compound_partial,1,PARK | DRUMMIN
Park and Coolruss,PARK,compound_first_part,1,PARK | COOLROSS
Park And Coolruss,PARK,compound_first_part,1,PARK | COOLROSS
Park and Drumin,PARK,compound_first_part,1,PARK | DRUMMIN
Park And Drumin,PARK,compound_first_part,1,PARK | DRUMMIN
Park and Drumlin,PARK,compound_partial,5,PARK
Park And Drumlin,PARK,compound_partial,5,PARK
Park and Drummin,PARK,compound_first_part,3,PARK | DRUMMIN
Park And Drummin,PARK,compound_first_part,3,PARK | DRUMMIN
Park at Coolrup,PARK,locative_at,1,
Park At Coolrup,PARK,locative_at,1,
Park at Coolruss,PARK,locative_at,9,
Park At Coolruss,PARK,locative_at,1,
Park At Drumin,PARK,locative_at,7,
Park Coolruss,PARK,qualifier_trimmed,23,
Coolboy Upper and Parkmore,PARKMORE,compound_partial,6,PARKMORE
Coolboy Upper And Parkmore,PARKMORE,compound_partial,6,PARKMORE
Parkmore,PARKMORE,normalized_exact,68,
Parkmore (Page),PARKMORE,normalized_exact,1,
Parkmore and Coolboy,PARKMORE,compound_first_part,3,PARKMORE | COOLBOY
Parkmore And Coolboy,PARKMORE,compound_first_part,3,PARKMORE | COOLBOY
Paulbeg,PAULBEG,normalized_exact,32,
Paulbegg,PAULBEG,source_pairing,27,
Preban,PREBAN,normalized_exact,58,
Preban at Tomcoyle,PREBAN,locative_at,8,
Preban At Tomcoyle,PREBAN,locative_at,8,
Tomcoglen and Preban,PREBAN,compound_partial,1,PREBAN
Tomcoglen And Preban,PREBAN,compound_partial,1,PREBAN
Quigginore,QUIGGINROE,fuzzy_spelling,2,
Quigginroe,QUIGGINROE,normalized_exact,22,
Raheenakit,RAHEENAKIT,normalized_exact,4,
Raheeglass,RAHEENGLASS,fuzzy_spelling,2,
Raheenglass,RAHEENGLASS,normalized_exact,2,
Raheengraney,RAHEENGRANEY,normalized_exact,2,
Ratheengraney,RAHEENGRANEY,fuzzy_spelling,44,
Rathengrany,RAHEENGRANEY,phonetic_exact,7,
Rathingraney,RAHEENGRANEY,phonetic_exact,13,
Rathingrany,RAHEENGRANEY,phonetic_exact,52,
Raheenteige,RAHEENTEIGE,normalized_exact,8,
Raoth?,RATH,fuzzy_spelling,2,
Rath,RATH,normalized_exact,44,
Rath & Rath-East,RATH EAST,subdivision_pair,22,
Rathbane,RATHBANE,normalized_exact,92,
Rahbawn,RATHBAWN,fuzzy_spelling,2,
Rathbawn,RATHBAWN,normalized_exact,138,
Racott,RATHCOT,source_pairing,74,
Racott and Moyne,RATHCOT,compound_first_part,1,RATHCOT | MOYNE
Racott And Moyne,RATHCOT,compound_first_part,1,RATHCOT | MOYNE
Rathcot,RATHCOT,normalized_exact,20,
Rathcott,RATHCOT,fuzzy_spelling,6,
Rathcoll,RATHCOYLE,phonetic_exact,2,
Rathcoyle,RATHCOYLE,normalized_exact,18,
Rathcoyle Lower,RATHCOYLE LOWER,normalized_exact,2,
Rathcoyle Upper,RATHCOYLE UPPER,normalized_exact,4,
Rathdrum,RATHDRUM,normalized_exact,14,
Rathdrum and Ballygannon,RATHDRUM,compound_first_part,1,RATHDRUM | BALLYGANNON
Rathdrum And Ballygannon,RATHDRUM,compound_first_part,1,RATHDRUM | BALLYGANNON
Rathmeagh,RATHMEAGUE,source_pairing,80,
Rathmeague,RATHMEAGUE,normalized_exact,90,
Rathmeigue,RATHMEAGUE,fuzzy_spelling,14,
Rathmore,RATHMORE,normalized_exact,10,
Rathenew,RATHNEW,original_entry,0,
Rasheenmore,RATHSHANMORE,source_pairing,8,
Rashenmore,RATHSHANMORE,source_pairing,226,
Rathshanmore,RATHSHANMORE,normalized_exact,276,
Rathshanmore East and West,RATHSHANMORE,subdivision_pair,15,
Rathshanmore East And West,RATHSHANMORE,subdivision_pair,15,
Rathshanmore South,RATHSHANMORE SOUTH,normalized_exact,12,
Roddenagh,RODDENAGH,normalized_exact,60,
Ruddenagh,RODDENAGH,source_pairing,53,
Rosbane,ROSBANE,normalized_exact,258,
Rosbawn,ROSBANE,source_pairing,412,
Rasnastraw,ROSNASTRAW,source_pairing,75,
Rasnastraw (in lease),ROSNASTRAW,phonetic_exact,1,
Rasnastraw (sic),ROSNASTRAW,phonetic_exact,1,
Rosnastraw,ROSNASTRAW,normalized_exact,160,
Rusnastraw,ROSNASTRAW,phonetic_exact,4,
Seskin,SESKIN,normalized_exact,12,
Sesquin,SESKIN,phonetic_exact,42,
Sheep Walk,SHEEPWALK,original_entry,0,
Shilelagh Ballinulta,SHILLELAGH,qualifier_trimmed,2,
Slaney,SLANEY,normalized_exact,6,
Slieveboy Upper & Lower,SLIEVEBOY,subdivision_pair,14,
Slievemaan,SLIEVEMAAN,normalized_exact,2,
Sleaghcoyle,SLIEVEMWEEL,source_pairing,173,
Slievemweel,SLIEVEMWEEL,normalized_exact,200,
Sleanamoe,SLIEVENAMOUGH,source_pairing,160,
Slievanamough,SLIEVENAMOUGH,fuzzy_spelling,18,
Slievenamough,SLIEVENAMOUGH,normalized_exact,266,
Slievenamough Plain,SLIEVENAMOUGH PLAIN,normalized_exact,6,
Sleaghroe,SLIEVEROE,source_pairing,172,
Slieveroe,SLIEVEROE,normalized_exact,170,
Sliverroe,SLIEVEROE,fuzzy_spelling,4,
Stoops,STOOPS,normalized_exact,2,
Stranakelly,STRANAKELLY,normalized_exact,92,
Strathnakelly,STRANAKELLY,source_pairing,15,
Stratnakelly,STRANAKELLY,source_pairing,83,
Tansey Close,TANSEYCLOSE,normalized_exact,5,
Tanseyclose,TANSEYCLOSE,normalized_exact,10,
Tighlin,TIGLIN,fuzzy_spelling,16,
Tinahaley,TINAHELY,phonetic_exact,4,
Tinahaley and Ballinacorby,TINAHELY,compound_first_part,1,TINAHELY | BALLINACROW
Tinahaley And Ballinacorby,TINAHELY,compound_first_part,1,TINAHELY | BALLINACROW
Tinahealy,TINAHELY,fuzzy_spelling,32,
Tinahealy and Coolruss,TINAHELY,compound_first_part,3,TINAHELY | COOLROSS
Tinahealy And Coolruss,TINAHELY,compound_first_part,3,TINAHELY | COOLROSS
Tinahealy and Lugduff,TINAHELY,compound_first_part,1,TINAHELY | LUGDUFF
Tinahealy And Lugduff,TINAHELY,compound_first_part,1,TINAHELY | LUGDUFF
Tinahely,TINAHELY,normalized_exact,530,
Tinahely & Coolruss,TINAHELY,compound_first_part,4,TINAHELY | COOLROSS
Tinahely & Loughduff,TINAHELY,compound_first_part,2,TINAHELY | LUGDUFF
Tinahely & Lugduffe,TINAHELY,compound_first_part,4,TINAHELY | LUGDUFF
Tinahely & Rosbawn,TINAHELY,compound_first_part,4,TINAHELY | ROSBANE
Tinahely + Lugduff,TINAHELY,compound_first_part,2,TINAHELY | LUGDUFF
Tinahely and Ballinacorby,TINAHELY,compound_first_part,2,TINAHELY | BALLINACROW
Tinahely And Ballinacorby,TINAHELY,compound_first_part,2,TINAHELY | BALLINACROW
Tinahely and Coolroe,TINAHELY,compound_first_part,7,TINAHELY | COOLROE
Tinahely And Coolroe,TINAHELY,compound_first_part,7,TINAHELY | COOLROE
Tinahely and Coolruss,TINAHELY,compound_first_part,4,TINAHELY | COOLROSS
Tinahely And Coolruss,TINAHELY,compound_first_part,4,TINAHELY | COOLROSS
Tinahely and Lugduff,TINAHELY,compound_first_part,2,TINAHELY | LUGDUFF
Tinahely And Lugduff,TINAHELY,compound_first_part,2,TINAHELY | LUGDUFF
Tinahely Flahertys,TINAHELY,qualifier_trimmed,2,
Tinahely Mortons,TINAHELY,qualifier_trimmed,2,
Tinehaley,TINAHELY,source_pairing,28,
Tinehaley and Coolruss,TINAHELY,compound_first_part,4,TINAHELY | COOLROSS
Tinehaley And Coolruss,TINAHELY,compound_first_part,4,TINAHELY | COOLROSS
Tinehaley and Glenphillipeen,TINAHELY,compound_first_part,1,TINAHELY | GLENPHILIPEEN
Tinehaley And Glenphillipeen,TINAHELY,compound_first_part,1,TINAHELY | GLENPHILIPEEN
Tinehaley/Coolran,TINAHELY,compound_partial,2,TINAHELY
Tinhely,TINAHELY,fuzzy_spelling,2,
Tinihaley,TINAHELY,phonetic_exact,16,
Tinihaley & Coolbawn,TINAHELY,compound_first_part,4,TINAHELY | COOLAWINNIA
Tinihaley Cottager,TINAHELY,qualifier_trimmed,2,
Tinihaley Mortons,TINAHELY,qualifier_trimmed,2,
Toberlownagh,TOBERLOWNAGH,normalized_exact,50,
Tubberlonagh,TOBERLOWNAGH,source_pairing,124,
Toberpatrick,TOBERPATRICK,normalized_exact,176,
Tubberpatrick,TOBERPATRICK,source_pairing,163,
Tomacork,TOMACORK,normalized_exact,221,
Tomacork (in lease),TOMACORK,normalized_exact,1,
Tombrean,TOMBREEN,source_pairing,68,
Tombreane,TOMBREEN,source_pairing,76,
Tombreen,TOMBREEN,normalized_exact,176,
Tomacoyle,TOMCOYLE,fuzzy_spelling,6,
Tomcoyle,TOMCOYLE,normalized_exact,98,
Tomcoyle & Preban,TOMCOYLE,compound_first_part,20,TOMCOYLE | PREBAN
Tomcoyle + Preban,TOMCOYLE,compound_first_part,4,TOMCOYLE | PREBAN
Tomcoyle and Preban,TOMCOYLE,compound_first_part,9,TOMCOYLE | PREBAN
Tomcoyle And Preban,TOMCOYLE,compound_first_part,9,TOMCOYLE | PREBAN
Tomcoyle at Preban,TOMCOYLE,source_pairing,23,
Tomcoyle At Preban,TOMCOYLE,locative_at,16,
Tomeagle and Preban,TOMCOYLE,compound_first_part,4,TOMCOYLE | PREBAN
Tomeagle And Preban,TOMCOYLE,compound_first_part,4,TOMCOYLE | PREBAN
Tomifinogue,TOMNAFINNOGE,phonetic_fuzzy,4,
Tommifinogue,TOMNAFINNOGE,phonetic_fuzzy,2,
Tomnafinnoge,TOMNAFINNOGE,normalized_exact,52,
Tomnafinnogue,TOMNAFINNOGE,fuzzy_spelling,30,
Tomnafinogue,TOMNAFINNOGE,source_pairing,40,
Tomnifinogue,TOMNAFINNOGE,phonetic_exact,40,
Tomnaschaley,TOMNASKELA,phonetic_exact,4,
Tomnaskeala,TOMNASKELA,fuzzy_spelling,24,
Tomnaskela,TOMNASKELA,normalized_exact,8,
Tomnaskella,TOMNASKELA,fuzzy_spelling,8,
Toorboy,TOORBOY,normalized_exact,84,
Towerboy,TOORBOY,source_pairing,147,
Tulla Bawn,TULLABAWN,original_entry,0,
Tullowclay,TULLOWCLAY,normalized_exact,113,
"Tullowclay,",TULLOWCLAY,normalized_exact,4,
Umrigar,UMRYGAR,source_pairing,40,
Umrygar,UMRYGAR,normalized_exact,28,
Whitefield,WHITEFIELD,normalized_exact,12,
Whiterock,WHITEROCK,normalized_exact,16,
Wicklow,WICKLOW,normalized_exact,16,
Wicklow & Ballinerrin,WICKLOW,compound_first_part,2,WICKLOW | BALLYNERRIN (ED KILCOOLE)
Wicklow (town?),WICKLOW,normalized_exact,2,
Wicklow and Drumkey,WICKLOW,compound_partial,1,WICKLOW
Wicklow And Drumkey,WICKLOW,compound_partial,1,WICKLOW
Wicklow at Bolarney,WICKLOW,locative_at,2,
Wicklow At Bolarney,WICKLOW,locative_at,2,
Carrigatler,,UNRESOLVED,34,
Monaphullen,,UNRESOLVED,34,
Rathingeaney,,UNRESOLVED,34,
Tubberconagh,,UNRESOLVED,24,
Urrigan,,UNRESOLVED,24,
Tankersley,,UNRESOLVED,16,
Rosnakill,,UNRESOLVED,12,
Tallyhoe,,UNRESOLVED,12,
Kilcasen,,UNRESOLVED,10,
Carrickgatter,,UNRESOLVED,8,
Dunbun,,UNRESOLVED,8,
Gould,,UNRESOLVED,8,
Kilgriffin,,UNRESOLVED,8,
Killinane,,UNRESOLVED,8,
Monaghallen,,UNRESOLVED,8,
Murreagh,,UNRESOLVED,8,
Mehassy,,UNRESOLVED,7,
Barrenbaum,,UNRESOLVED,6,
Halverstown,,UNRESOLVED,6,
Sleaghrool,,UNRESOLVED,6,
Askilleagh,,UNRESOLVED,4,
Ballenfride,,UNRESOLVED,4,
Balliconofin,,UNRESOLVED,4,
Ballyrolan,,UNRESOLVED,4,
Carrickgaiter,,UNRESOLVED,4,
Coonaranick?,,UNRESOLVED,4,
Rathineagh,,UNRESOLVED,4,
Rathingrancy,,UNRESOLVED,4,
Rathneagh,,UNRESOLVED,4,
Ruskeen,,UNRESOLVED,4,
Seabegg,,UNRESOLVED,4,
Seamore,,UNRESOLVED,4,
Wingrove Boleynakells,,UNRESOLVED,4,
Ballarney,,UNRESOLVED,2,
Ballicionague,,UNRESOLVED,2,
Ballimullen,,UNRESOLVED,2,
Ballinmogan,,UNRESOLVED,2,
Ballinulton,,UNRESOLVED,2,
Ballycionogue,,UNRESOLVED,2,
Ballyluckin,,UNRESOLVED,2,
Ballynerra,,UNRESOLVED,2,
Ballytuskist,,UNRESOLVED,2,
Banonbawn,,UNRESOLVED,2,
Carrickaron,,UNRESOLVED,2,
Carrickgaller,,UNRESOLVED,2,
Carrickgaltor,,UNRESOLVED,2,
Carricknaneal,,UNRESOLVED,2,
Coolbry,,UNRESOLVED,2,
Coolhanica ?,,UNRESOLVED,2,
Dumbarr,,UNRESOLVED,2,
Dunban,,UNRESOLVED,2,
Fairwood,,UNRESOLVED,2,
Harney at Carnacanick,,UNRESOLVED,2,
Harney At Carnacanick,,UNRESOLVED,2,
Kicaven,,UNRESOLVED,2,
Kilaney,,UNRESOLVED,2,
Kilbally,,UNRESOLVED,2,
Killidrumin,,UNRESOLVED,2,
Lanagh,,UNRESOLVED,2,
Lascolernan,,UNRESOLVED,2,
Maryans,,UNRESOLVED,2,
Monaghulen,,UNRESOLVED,2,
Monagrullen,,UNRESOLVED,2,
Morgans,,UNRESOLVED,2,
Munny Imp.,,UNRESOLVED,2,
Murrigarr,,UNRESOLVED,2,
Newallard [?],,UNRESOLVED,2,
Newallard,,UNRESOLVED,2,
Pepperlands,,UNRESOLVED,2,
Poullingate,,UNRESOLVED,2,
Rashunnore,,UNRESOLVED,2,
Rathnakill,,UNRESOLVED,2,
Tomnarkaly ???,,UNRESOLVED,2,
Tubbertonagh,,UNRESOLVED,2,
for cottage,,UNRESOLVED,1,
For Cottage,,UNRESOLVED,1,
Harney and Cornavenish,,UNRESOLVED,1,
Harney And Cornavenish,,UNRESOLVED,1,
Mainire [?],,UNRESOLVED,1,
Mainire,,UNRESOLVED,1,
Mehassy (? illegible word),,UNRESOLVED,1,
Mehassy and Ballinaurly ?,,UNRESOLVED,1,
Mehassy And Ballinaurly ?,,UNRESOLVED,1,
nothing,,UNRESOLVED,1,
Nothing,,UNRESOLVED,1,
Sleaghcoyle and Sleaghroe,,UNRESOLVED,1,
Sleaghcoyle And Sleaghroe,,UNRESOLVED,1,
